2026-03-18 10:37:13,548 - INFO - Starting pipeline...
2026-03-18 10:37:36,859 - INFO - Fetched 150 artists from API
2026-03-18 10:37:37,025 - INFO - Pipeline finished successfully
2026-03-18 10:38:46,217 - INFO - Started uploading artists_page_1.json to music-pipeline-bucket
2026-03-18 10:38:46,302 - INFO - Successfully uploaded artists_page_1.json to music-pipeline-bucket
2026-03-18 10:43:04,896 - INFO - Started uploading artists_page_1.json to music-pipeline-bucket
2026-03-18 10:43:04,897 - ERROR - The file ../../data/raw/api/artists_page_1.json was not found.
2026-03-18 10:43:27,476 - INFO - Starting pipeline...
2026-03-18 10:43:30,309 - INFO - Fetched 150 artists from API
2026-03-18 10:43:30,417 - INFO - Pipeline finished successfully
2026-03-18 10:45:30,964 - INFO - Started uploading artists_page_1.json to music-pipeline-bucket
2026-03-18 10:45:31,011 - INFO - Successfully uploaded artists_page_1.json to music-pipeline-bucket
2026-03-18 10:45:32,025 - INFO - Starting pipeline...
2026-03-18 10:45:32,831 - INFO - Fetched 150 artists from API
2026-03-18 10:45:33,034 - INFO - Started uploading artists_page_1.json to music-pipeline-bucket
2026-03-18 10:45:33,070 - INFO - Successfully uploaded artists_page_1.json to music-pipeline-bucket
2026-03-18 10:45:33,070 - INFO - Pipeline finished successfully
2026-03-29 19:34:08,749 - INFO - Starting pipeline...
2026-03-29 19:34:09,845 - INFO - Fetched 150 artists from API
2026-03-29 19:34:09,882 - INFO - Saved record to MongoDB collection: lastfm_api
2026-03-29 19:34:09,889 - INFO - Saved record to MongoDB collection: lastfm_api
2026-03-29 19:34:09,890 - INFO - Saved record to MongoDB collection: lastfm_api
2026-03-29 19:34:09,892 - INFO - Saved record to MongoDB collection: lastfm_api
2026-03-29 19:34:09,893 - INFO - Saved record to MongoDB collection: lastfm_api
2026-03-29 19:34:09,894 - INFO - Saved record to MongoDB collection: lastfm_api
2026-03-29 19:34:09,895 - INFO - Saved record to MongoDB collection: lastfm_api
2026-03-29 19:34:09,897 - INFO - Saved record to MongoDB collection: lastfm_api
2026-03-29 19:34:09,898 - INFO - Saved record to MongoDB collection: lastfm_api
2026-03-29 19:34:09,898 - INFO - Saved record to MongoDB collection: lastfm_api
2026-03-29 19:34:09,900 - INFO - Saved record to MongoDB collection: lastfm_api
2026-03-29 19:34:09,902 - INFO - Saved record to MongoDB collection: lastfm_api
2026-03-29 19:34:09,903 - INFO - Saved record to MongoDB collection: lastfm_api
2026-03-29 19:34:09,903 - INFO - Saved record to MongoDB collection: lastfm_api
2026-03-29 19:34:09,904 - INFO - Saved record to MongoDB collection: lastfm_api
2026-03-29 19:34:09,905 - INFO - Saved record to MongoDB collection: lastfm_api
2026-03-29 19:34:09,907 - INFO - Saved record to MongoDB collection: lastfm_api
2026-03-29 19:34:09,908 - INFO - Saved record to MongoDB collection: lastfm_api
2026-03-29 19:34:09,909 - INFO - Saved record to MongoDB collection: lastfm_api
2026-03-29 19:34:09,910 - INFO - Saved record to MongoDB collection: lastfm_api
2026-03-29 19:34:09,911 - INFO - Saved record to MongoDB collection: lastfm_api
2026-03-29 19:34:09,912 - INFO - Saved record to MongoDB collection: lastfm_api
2026-03-29 19:34:09,913 - INFO - Saved record to MongoDB collection: lastfm_api
2026-03-29 19:34:09,915 - INFO - Saved record to MongoDB collection: lastfm_api
2026-03-29 19:34:09,916 - INFO - Saved record to MongoDB collection: lastfm_api
2026-03-29 19:34:09,917 - INFO - Saved record to MongoDB collection: lastfm_api
2026-03-29 19:34:09,918 - INFO - Saved record to MongoDB collection: lastfm_api
2026-03-29 19:34:09,919 - INFO - Saved record to MongoDB collection: lastfm_api
2026-03-29 19:34:09,920 - INFO - Saved record to MongoDB collection: lastfm_api
2026-03-29 19:34:09,923 - INFO - Saved record to MongoDB collection: lastfm_api
2026-03-29 19:34:09,924 - INFO - Saved record to MongoDB collection: lastfm_api
2026-03-29 19:34:09,926 - INFO - Saved record to MongoDB collection: lastfm_api
2026-03-29 19:34:09,927 - INFO - Saved record to MongoDB collection: lastfm_api
2026-03-29 19:34:09,928 - INFO - Saved record to MongoDB collection: lastfm_api
2026-03-29 19:34:09,929 - INFO - Saved record to MongoDB collection: lastfm_api
2026-03-29 19:34:09,932 - INFO - Saved record to MongoDB collection: lastfm_api
2026-03-29 19:34:09,933 - INFO - Saved record to MongoDB collection: lastfm_api
2026-03-29 19:34:09,934 - INFO - Saved record to MongoDB collection: lastfm_api
2026-03-29 19:34:09,935 - INFO - Saved record to MongoDB collection: lastfm_api
2026-03-29 19:34:09,936 - INFO - Saved record to MongoDB collection: lastfm_api
2026-03-29 19:34:09,937 - INFO - Saved record to MongoDB collection: lastfm_api
2026-03-29 19:34:09,941 - INFO - Saved record to MongoDB collection: lastfm_api
2026-03-29 19:34:09,942 - INFO - Saved record to MongoDB collection: lastfm_api
2026-03-29 19:34:09,943 - INFO - Saved record to MongoDB collection: lastfm_api
2026-03-29 19:34:09,944 - INFO - Saved record to MongoDB collection: lastfm_api
2026-03-29 19:34:09,945 - INFO - Saved record to MongoDB collection: lastfm_api
2026-03-29 19:34:09,946 - INFO - Saved record to MongoDB collection: lastfm_api
2026-03-29 19:34:09,948 - INFO - Saved record to MongoDB collection: lastfm_api
2026-03-29 19:34:09,949 - INFO - Saved record to MongoDB collection: lastfm_api
2026-03-29 19:34:09,950 - INFO - Saved record to MongoDB collection: lastfm_api
2026-03-29 19:34:09,951 - INFO - Saved record to MongoDB collection: lastfm_api
2026-03-29 19:34:09,952 - INFO - Saved record to MongoDB collection: lastfm_api
2026-03-29 19:34:09,953 - INFO - Saved record to MongoDB collection: lastfm_api
2026-03-29 19:34:09,954 - INFO - Saved record to MongoDB collection: lastfm_api
2026-03-29 19:34:09,954 - INFO - Saved record to MongoDB collection: lastfm_api
2026-03-29 19:34:09,955 - INFO - Saved record to MongoDB collection: lastfm_api
2026-03-29 19:34:09,956 - INFO - Saved record to MongoDB collection: lastfm_api
2026-03-29 19:34:09,957 - INFO - Saved record to MongoDB collection: lastfm_api
2026-03-29 19:34:09,958 - INFO - Saved record to MongoDB collection: lastfm_api
2026-03-29 19:34:09,959 - INFO - Saved record to MongoDB collection: lastfm_api
2026-03-29 19:34:09,960 - INFO - Saved record to MongoDB collection: lastfm_api
2026-03-29 19:34:09,961 - INFO - Saved record to MongoDB collection: lastfm_api
2026-03-29 19:34:09,961 - INFO - Saved record to MongoDB collection: lastfm_api
2026-03-29 19:34:09,962 - INFO - Saved record to MongoDB collection: lastfm_api
2026-03-29 19:34:09,964 - INFO - Saved record to MongoDB collection: lastfm_api
2026-03-29 19:34:09,965 - INFO - Saved record to MongoDB collection: lastfm_api
2026-03-29 19:34:09,966 - INFO - Saved record to MongoDB collection: lastfm_api
2026-03-29 19:34:09,967 - INFO - Saved record to MongoDB collection: lastfm_api
2026-03-29 19:34:09,968 - INFO - Saved record to MongoDB collection: lastfm_api
2026-03-29 19:34:09,969 - INFO - Saved record to MongoDB collection: lastfm_api
2026-03-29 19:34:09,969 - INFO - Saved record to MongoDB collection: lastfm_api
2026-03-29 19:34:09,970 - INFO - Saved record to MongoDB collection: lastfm_api
2026-03-29 19:34:09,971 - INFO - Saved record to MongoDB collection: lastfm_api
2026-03-29 19:34:09,972 - INFO - Saved record to MongoDB collection: lastfm_api
2026-03-29 19:34:09,975 - INFO - Saved record to MongoDB collection: lastfm_api
2026-03-29 19:34:09,976 - INFO - Saved record to MongoDB collection: lastfm_api
2026-03-29 19:34:09,977 - INFO - Saved record to MongoDB collection: lastfm_api
2026-03-29 19:34:09,978 - INFO - Saved record to MongoDB collection: lastfm_api
2026-03-29 19:34:09,979 - INFO - Saved record to MongoDB collection: lastfm_api
2026-03-29 19:34:09,980 - INFO - Saved record to MongoDB collection: lastfm_api
2026-03-29 19:34:09,980 - INFO - Saved record to MongoDB collection: lastfm_api
2026-03-29 19:34:09,981 - INFO - Saved record to MongoDB collection: lastfm_api
2026-03-29 19:34:09,982 - INFO - Saved record to MongoDB collection: lastfm_api
2026-03-29 19:34:09,982 - INFO - Saved record to MongoDB collection: lastfm_api
2026-03-29 19:34:09,983 - INFO - Saved record to MongoDB collection: lastfm_api
2026-03-29 19:34:09,984 - INFO - Saved record to MongoDB collection: lastfm_api
2026-03-29 19:34:09,984 - INFO - Saved record to MongoDB collection: lastfm_api
2026-03-29 19:34:09,988 - INFO - Saved record to MongoDB collection: lastfm_api
2026-03-29 19:34:09,990 - INFO - Saved record to MongoDB collection: lastfm_api
2026-03-29 19:34:09,992 - INFO - Saved record to MongoDB collection: lastfm_api
2026-03-29 19:34:09,993 - INFO - Saved record to MongoDB collection: lastfm_api
2026-03-29 19:34:09,994 - INFO - Saved record to MongoDB collection: lastfm_api
2026-03-29 19:34:09,994 - INFO - Saved record to MongoDB collection: lastfm_api
2026-03-29 19:34:09,996 - INFO - Saved record to MongoDB collection: lastfm_api
2026-03-29 19:34:09,997 - INFO - Saved record to MongoDB collection: lastfm_api
2026-03-29 19:34:09,999 - INFO - Saved record to MongoDB collection: lastfm_api
2026-03-29 19:34:10,001 - INFO - Saved record to MongoDB collection: lastfm_api
2026-03-29 19:34:10,003 - INFO - Saved record to MongoDB collection: lastfm_api
2026-03-29 19:34:10,004 - INFO - Saved record to MongoDB collection: lastfm_api
2026-03-29 19:34:10,004 - INFO - Saved record to MongoDB collection: lastfm_api
2026-03-29 19:34:10,007 - INFO - Saved record to MongoDB collection: lastfm_api
2026-03-29 19:34:10,008 - INFO - Saved record to MongoDB collection: lastfm_api
2026-03-29 19:34:10,009 - INFO - Saved record to MongoDB collection: lastfm_api
2026-03-29 19:34:10,010 - INFO - Saved record to MongoDB collection: lastfm_api
2026-03-29 19:34:10,011 - INFO - Saved record to MongoDB collection: lastfm_api
2026-03-29 19:34:10,012 - INFO - Saved record to MongoDB collection: lastfm_api
2026-03-29 19:34:10,012 - INFO - Saved record to MongoDB collection: lastfm_api
2026-03-29 19:34:10,013 - INFO - Saved record to MongoDB collection: lastfm_api
2026-03-29 19:34:10,015 - INFO - Saved record to MongoDB collection: lastfm_api
2026-03-29 19:34:10,017 - INFO - Saved record to MongoDB collection: lastfm_api
2026-03-29 19:34:10,019 - INFO - Saved record to MongoDB collection: lastfm_api
2026-03-29 19:34:10,019 - INFO - Saved record to MongoDB collection: lastfm_api
2026-03-29 19:34:10,020 - INFO - Saved record to MongoDB collection: lastfm_api
2026-03-29 19:34:10,021 - INFO - Saved record to MongoDB collection: lastfm_api
2026-03-29 19:34:10,021 - INFO - Saved record to MongoDB collection: lastfm_api
2026-03-29 19:34:10,022 - INFO - Saved record to MongoDB collection: lastfm_api
2026-03-29 19:34:10,023 - INFO - Saved record to MongoDB collection: lastfm_api
2026-03-29 19:34:10,025 - INFO - Saved record to MongoDB collection: lastfm_api
2026-03-29 19:34:10,027 - INFO - Saved record to MongoDB collection: lastfm_api
2026-03-29 19:34:10,028 - INFO - Saved record to MongoDB collection: lastfm_api
2026-03-29 19:34:10,029 - INFO - Saved record to MongoDB collection: lastfm_api
2026-03-29 19:34:10,029 - INFO - Saved record to MongoDB collection: lastfm_api
2026-03-29 19:34:10,030 - INFO - Saved record to MongoDB collection: lastfm_api
2026-03-29 19:34:10,031 - INFO - Saved record to MongoDB collection: lastfm_api
2026-03-29 19:34:10,031 - INFO - Saved record to MongoDB collection: lastfm_api
2026-03-29 19:34:10,032 - INFO - Saved record to MongoDB collection: lastfm_api
2026-03-29 19:34:10,032 - INFO - Saved record to MongoDB collection: lastfm_api
2026-03-29 19:34:10,033 - INFO - Saved record to MongoDB collection: lastfm_api
2026-03-29 19:34:10,033 - INFO - Saved record to MongoDB collection: lastfm_api
2026-03-29 19:34:10,034 - INFO - Saved record to MongoDB collection: lastfm_api
2026-03-29 19:34:10,034 - INFO - Saved record to MongoDB collection: lastfm_api
2026-03-29 19:34:10,035 - INFO - Saved record to MongoDB collection: lastfm_api
2026-03-29 19:34:10,038 - INFO - Saved record to MongoDB collection: lastfm_api
2026-03-29 19:34:10,041 - INFO - Saved record to MongoDB collection: lastfm_api
2026-03-29 19:34:10,041 - INFO - Saved record to MongoDB collection: lastfm_api
2026-03-29 19:34:10,042 - INFO - Saved record to MongoDB collection: lastfm_api
2026-03-29 19:34:10,042 - INFO - Saved record to MongoDB collection: lastfm_api
2026-03-29 19:34:10,043 - INFO - Saved record to MongoDB collection: lastfm_api
2026-03-29 19:34:10,044 - INFO - Saved record to MongoDB collection: lastfm_api
2026-03-29 19:34:10,045 - INFO - Saved record to MongoDB collection: lastfm_api
2026-03-29 19:34:10,045 - INFO - Saved record to MongoDB collection: lastfm_api
2026-03-29 19:34:10,046 - INFO - Saved record to MongoDB collection: lastfm_api
2026-03-29 19:34:10,046 - INFO - Saved record to MongoDB collection: lastfm_api
2026-03-29 19:34:10,047 - INFO - Saved record to MongoDB collection: lastfm_api
2026-03-29 19:34:10,048 - INFO - Saved record to MongoDB collection: lastfm_api
2026-03-29 19:34:10,048 - INFO - Saved record to MongoDB collection: lastfm_api
2026-03-29 19:34:10,049 - INFO - Saved record to MongoDB collection: lastfm_api
2026-03-29 19:34:10,049 - INFO - Saved record to MongoDB collection: lastfm_api
2026-03-29 19:34:10,050 - INFO - Saved record to MongoDB collection: lastfm_api
2026-03-29 19:34:10,050 - INFO - Saved record to MongoDB collection: lastfm_api
2026-03-29 19:34:10,214 - INFO - Started uploading artists_page_1.json to music-pipeline-bucket
2026-03-29 19:34:10,516 - INFO - Successfully uploaded artists_page_1.json to music-pipeline-bucket
2026-03-29 19:34:10,518 - INFO - Generating LastFM_Normal.docx
2026-03-29 19:34:29,105 - INFO - Starting pipeline...
2026-03-29 19:34:30,644 - INFO - Fetched 150 artists from API
2026-03-29 19:34:30,661 - INFO - Saved record to MongoDB collection: lastfm_api
2026-03-29 19:34:30,663 - INFO - Saved record to MongoDB collection: lastfm_api
2026-03-29 19:34:30,664 - INFO - Saved record to MongoDB collection: lastfm_api
2026-03-29 19:34:30,667 - INFO - Saved record to MongoDB collection: lastfm_api
2026-03-29 19:34:30,668 - INFO - Saved record to MongoDB collection: lastfm_api
2026-03-29 19:34:30,669 - INFO - Saved record to MongoDB collection: lastfm_api
2026-03-29 19:34:30,670 - INFO - Saved record to MongoDB collection: lastfm_api
2026-03-29 19:34:30,671 - INFO - Saved record to MongoDB collection: lastfm_api
2026-03-29 19:34:30,673 - INFO - Saved record to MongoDB collection: lastfm_api
2026-03-29 19:34:30,674 - INFO - Saved record to MongoDB collection: lastfm_api
2026-03-29 19:34:30,676 - INFO - Saved record to MongoDB collection: lastfm_api
2026-03-29 19:34:30,677 - INFO - Saved record to MongoDB collection: lastfm_api
2026-03-29 19:34:30,678 - INFO - Saved record to MongoDB collection: lastfm_api
2026-03-29 19:34:30,679 - INFO - Saved record to MongoDB collection: lastfm_api
2026-03-29 19:34:30,680 - INFO - Saved record to MongoDB collection: lastfm_api
2026-03-29 19:34:30,680 - INFO - Saved record to MongoDB collection: lastfm_api
2026-03-29 19:34:30,681 - INFO - Saved record to MongoDB collection: lastfm_api
2026-03-29 19:34:30,683 - INFO - Saved record to MongoDB collection: lastfm_api
2026-03-29 19:34:30,684 - INFO - Saved record to MongoDB collection: lastfm_api
2026-03-29 19:34:30,685 - INFO - Saved record to MongoDB collection: lastfm_api
2026-03-29 19:34:30,687 - INFO - Saved record to MongoDB collection: lastfm_api
2026-03-29 19:34:30,688 - INFO - Saved record to MongoDB collection: lastfm_api
2026-03-29 19:34:30,690 - INFO - Saved record to MongoDB collection: lastfm_api
2026-03-29 19:34:30,691 - INFO - Saved record to MongoDB collection: lastfm_api
2026-03-29 19:34:30,692 - INFO - Saved record to MongoDB collection: lastfm_api
2026-03-29 19:34:30,693 - INFO - Saved record to MongoDB collection: lastfm_api
2026-03-29 19:34:30,693 - INFO - Saved record to MongoDB collection: lastfm_api
2026-03-29 19:34:30,694 - INFO - Saved record to MongoDB collection: lastfm_api
2026-03-29 19:34:30,695 - INFO - Saved record to MongoDB collection: lastfm_api
2026-03-29 19:34:30,696 - INFO - Saved record to MongoDB collection: lastfm_api
2026-03-29 19:34:30,697 - INFO - Saved record to MongoDB collection: lastfm_api
2026-03-29 19:34:30,698 - INFO - Saved record to MongoDB collection: lastfm_api
2026-03-29 19:34:30,699 - INFO - Saved record to MongoDB collection: lastfm_api
2026-03-29 19:34:30,700 - INFO - Saved record to MongoDB collection: lastfm_api
2026-03-29 19:34:30,701 - INFO - Saved record to MongoDB collection: lastfm_api
2026-03-29 19:34:30,702 - INFO - Saved record to MongoDB collection: lastfm_api
2026-03-29 19:34:30,703 - INFO - Saved record to MongoDB collection: lastfm_api
2026-03-29 19:34:30,704 - INFO - Saved record to MongoDB collection: lastfm_api
2026-03-29 19:34:30,705 - INFO - Saved record to MongoDB collection: lastfm_api
2026-03-29 19:34:30,707 - INFO - Saved record to MongoDB collection: lastfm_api
2026-03-29 19:34:30,708 - INFO - Saved record to MongoDB collection: lastfm_api
2026-03-29 19:34:30,710 - INFO - Saved record to MongoDB collection: lastfm_api
2026-03-29 19:34:30,711 - INFO - Saved record to MongoDB collection: lastfm_api
2026-03-29 19:34:30,712 - INFO - Saved record to MongoDB collection: lastfm_api
2026-03-29 19:34:30,713 - INFO - Saved record to MongoDB collection: lastfm_api
2026-03-29 19:34:30,713 - INFO - Saved record to MongoDB collection: lastfm_api
2026-03-29 19:34:30,714 - INFO - Saved record to MongoDB collection: lastfm_api
2026-03-29 19:34:30,715 - INFO - Saved record to MongoDB collection: lastfm_api
2026-03-29 19:34:30,716 - INFO - Saved record to MongoDB collection: lastfm_api
2026-03-29 19:34:30,718 - INFO - Saved record to MongoDB collection: lastfm_api
2026-03-29 19:34:30,720 - INFO - Saved record to MongoDB collection: lastfm_api
2026-03-29 19:34:30,721 - INFO - Saved record to MongoDB collection: lastfm_api
2026-03-29 19:34:30,723 - INFO - Saved record to MongoDB collection: lastfm_api
2026-03-29 19:34:30,725 - INFO - Saved record to MongoDB collection: lastfm_api
2026-03-29 19:34:30,725 - INFO - Saved record to MongoDB collection: lastfm_api
2026-03-29 19:34:30,726 - INFO - Saved record to MongoDB collection: lastfm_api
2026-03-29 19:34:30,727 - INFO - Saved record to MongoDB collection: lastfm_api
2026-03-29 19:34:30,728 - INFO - Saved record to MongoDB collection: lastfm_api
2026-03-29 19:34:30,729 - INFO - Saved record to MongoDB collection: lastfm_api
2026-03-29 19:34:30,730 - INFO - Saved record to MongoDB collection: lastfm_api
2026-03-29 19:34:30,731 - INFO - Saved record to MongoDB collection: lastfm_api
2026-03-29 19:34:30,732 - INFO - Saved record to MongoDB collection: lastfm_api
2026-03-29 19:34:30,733 - INFO - Saved record to MongoDB collection: lastfm_api
2026-03-29 19:34:30,733 - INFO - Saved record to MongoDB collection: lastfm_api
2026-03-29 19:34:30,736 - INFO - Saved record to MongoDB collection: lastfm_api
2026-03-29 19:34:30,737 - INFO - Saved record to MongoDB collection: lastfm_api
2026-03-29 19:34:30,738 - INFO - Saved record to MongoDB collection: lastfm_api
2026-03-29 19:34:30,739 - INFO - Saved record to MongoDB collection: lastfm_api
2026-03-29 19:34:30,739 - INFO - Saved record to MongoDB collection: lastfm_api
2026-03-29 19:34:30,740 - INFO - Saved record to MongoDB collection: lastfm_api
2026-03-29 19:34:30,741 - INFO - Saved record to MongoDB collection: lastfm_api
2026-03-29 19:34:30,742 - INFO - Saved record to MongoDB collection: lastfm_api
2026-03-29 19:34:30,744 - INFO - Saved record to MongoDB collection: lastfm_api
2026-03-29 19:34:30,745 - INFO - Saved record to MongoDB collection: lastfm_api
2026-03-29 19:34:30,746 - INFO - Saved record to MongoDB collection: lastfm_api
2026-03-29 19:34:30,748 - INFO - Saved record to MongoDB collection: lastfm_api
2026-03-29 19:34:30,749 - INFO - Saved record to MongoDB collection: lastfm_api
2026-03-29 19:34:30,750 - INFO - Saved record to MongoDB collection: lastfm_api
2026-03-29 19:34:30,750 - INFO - Saved record to MongoDB collection: lastfm_api
2026-03-29 19:34:30,751 - INFO - Saved record to MongoDB collection: lastfm_api
2026-03-29 19:34:30,752 - INFO - Saved record to MongoDB collection: lastfm_api
2026-03-29 19:34:30,752 - INFO - Saved record to MongoDB collection: lastfm_api
2026-03-29 19:34:30,753 - INFO - Saved record to MongoDB collection: lastfm_api
2026-03-29 19:34:30,754 - INFO - Saved record to MongoDB collection: lastfm_api
2026-03-29 19:34:30,755 - INFO - Saved record to MongoDB collection: lastfm_api
2026-03-29 19:34:30,756 - INFO - Saved record to MongoDB collection: lastfm_api
2026-03-29 19:34:30,757 - INFO - Saved record to MongoDB collection: lastfm_api
2026-03-29 19:34:30,757 - INFO - Saved record to MongoDB collection: lastfm_api
2026-03-29 19:34:30,758 - INFO - Saved record to MongoDB collection: lastfm_api
2026-03-29 19:34:30,759 - INFO - Saved record to MongoDB collection: lastfm_api
2026-03-29 19:34:30,760 - INFO - Saved record to MongoDB collection: lastfm_api
2026-03-29 19:34:30,761 - INFO - Saved record to MongoDB collection: lastfm_api
2026-03-29 19:34:30,761 - INFO - Saved record to MongoDB collection: lastfm_api
2026-03-29 19:34:30,763 - INFO - Saved record to MongoDB collection: lastfm_api
2026-03-29 19:34:30,764 - INFO - Saved record to MongoDB collection: lastfm_api
2026-03-29 19:34:30,765 - INFO - Saved record to MongoDB collection: lastfm_api
2026-03-29 19:34:30,765 - INFO - Saved record to MongoDB collection: lastfm_api
2026-03-29 19:34:30,766 - INFO - Saved record to MongoDB collection: lastfm_api
2026-03-29 19:34:30,767 - INFO - Saved record to MongoDB collection: lastfm_api
2026-03-29 19:34:30,767 - INFO - Saved record to MongoDB collection: lastfm_api
2026-03-29 19:34:30,769 - INFO - Saved record to MongoDB collection: lastfm_api
2026-03-29 19:34:30,771 - INFO - Saved record to MongoDB collection: lastfm_api
2026-03-29 19:34:30,773 - INFO - Saved record to MongoDB collection: lastfm_api
2026-03-29 19:34:30,775 - INFO - Saved record to MongoDB collection: lastfm_api
2026-03-29 19:34:30,775 - INFO - Saved record to MongoDB collection: lastfm_api
2026-03-29 19:34:30,776 - INFO - Saved record to MongoDB collection: lastfm_api
2026-03-29 19:34:30,777 - INFO - Saved record to MongoDB collection: lastfm_api
2026-03-29 19:34:30,778 - INFO - Saved record to MongoDB collection: lastfm_api
2026-03-29 19:34:30,779 - INFO - Saved record to MongoDB collection: lastfm_api
2026-03-29 19:34:30,781 - INFO - Saved record to MongoDB collection: lastfm_api
2026-03-29 19:34:30,783 - INFO - Saved record to MongoDB collection: lastfm_api
2026-03-29 19:34:30,784 - INFO - Saved record to MongoDB collection: lastfm_api
2026-03-29 19:34:30,787 - INFO - Saved record to MongoDB collection: lastfm_api
2026-03-29 19:34:30,787 - INFO - Saved record to MongoDB collection: lastfm_api
2026-03-29 19:34:30,788 - INFO - Saved record to MongoDB collection: lastfm_api
2026-03-29 19:34:30,788 - INFO - Saved record to MongoDB collection: lastfm_api
2026-03-29 19:34:30,789 - INFO - Saved record to MongoDB collection: lastfm_api
2026-03-29 19:34:30,789 - INFO - Saved record to MongoDB collection: lastfm_api
2026-03-29 19:34:30,790 - INFO - Saved record to MongoDB collection: lastfm_api
2026-03-29 19:34:30,790 - INFO - Saved record to MongoDB collection: lastfm_api
2026-03-29 19:34:30,791 - INFO - Saved record to MongoDB collection: lastfm_api
2026-03-29 19:34:30,792 - INFO - Saved record to MongoDB collection: lastfm_api
2026-03-29 19:34:30,793 - INFO - Saved record to MongoDB collection: lastfm_api
2026-03-29 19:34:30,794 - INFO - Saved record to MongoDB collection: lastfm_api
2026-03-29 19:34:30,795 - INFO - Saved record to MongoDB collection: lastfm_api
2026-03-29 19:34:30,796 - INFO - Saved record to MongoDB collection: lastfm_api
2026-03-29 19:34:30,796 - INFO - Saved record to MongoDB collection: lastfm_api
2026-03-29 19:34:30,797 - INFO - Saved record to MongoDB collection: lastfm_api
2026-03-29 19:34:30,797 - INFO - Saved record to MongoDB collection: lastfm_api
2026-03-29 19:34:30,798 - INFO - Saved record to MongoDB collection: lastfm_api
2026-03-29 19:34:30,798 - INFO - Saved record to MongoDB collection: lastfm_api
2026-03-29 19:34:30,798 - INFO - Saved record to MongoDB collection: lastfm_api
2026-03-29 19:34:30,799 - INFO - Saved record to MongoDB collection: lastfm_api
2026-03-29 19:34:30,799 - INFO - Saved record to MongoDB collection: lastfm_api
2026-03-29 19:34:30,801 - INFO - Saved record to MongoDB collection: lastfm_api
2026-03-29 19:34:30,801 - INFO - Saved record to MongoDB collection: lastfm_api
2026-03-29 19:34:30,802 - INFO - Saved record to MongoDB collection: lastfm_api
2026-03-29 19:34:30,802 - INFO - Saved record to MongoDB collection: lastfm_api
2026-03-29 19:34:30,803 - INFO - Saved record to MongoDB collection: lastfm_api
2026-03-29 19:34:30,804 - INFO - Saved record to MongoDB collection: lastfm_api
2026-03-29 19:34:30,805 - INFO - Saved record to MongoDB collection: lastfm_api
2026-03-29 19:34:30,805 - INFO - Saved record to MongoDB collection: lastfm_api
2026-03-29 19:34:30,806 - INFO - Saved record to MongoDB collection: lastfm_api
2026-03-29 19:34:30,807 - INFO - Saved record to MongoDB collection: lastfm_api
2026-03-29 19:34:30,808 - INFO - Saved record to MongoDB collection: lastfm_api
2026-03-29 19:34:30,809 - INFO - Saved record to MongoDB collection: lastfm_api
2026-03-29 19:34:30,810 - INFO - Saved record to MongoDB collection: lastfm_api
2026-03-29 19:34:30,810 - INFO - Saved record to MongoDB collection: lastfm_api
2026-03-29 19:34:30,811 - INFO - Saved record to MongoDB collection: lastfm_api
2026-03-29 19:34:30,812 - INFO - Saved record to MongoDB collection: lastfm_api
2026-03-29 19:34:30,952 - INFO - Started uploading artists_page_1.json to music-pipeline-bucket
2026-03-29 19:34:30,983 - INFO - Successfully uploaded artists_page_1.json to music-pipeline-bucket
2026-03-29 19:34:30,983 - INFO - Generating LastFM_Normal.docx
2026-03-29 19:34:31,007 - INFO - Generating LastFM_Data.xlsx
2026-03-29 19:34:31,013 - INFO - Extracting PDF: /Users/tarikhamzic/Desktop/coding projects/Unstructured_data_Music_Analysis_project/data/processed/documents/LastFM_Normal.pdf
2026-03-29 19:34:31,065 - INFO - Extracting PDF: /Users/tarikhamzic/Desktop/coding projects/Unstructured_data_Music_Analysis_project/data/processed/documents/LastFM_TwoColumn.pdf
2026-03-29 19:34:31,078 - INFO - Extracting DOCX: /Users/tarikhamzic/Desktop/coding projects/Unstructured_data_Music_Analysis_project/data/processed/documents/LastFM_Normal.docx
2026-03-29 19:34:31,085 - INFO - Extracting XLSX: /Users/tarikhamzic/Desktop/coding projects/Unstructured_data_Music_Analysis_project/data/processed/documents/LastFM_Data.xlsx
2026-03-29 19:34:31,096 - INFO - Extracted 6 document records
2026-03-29 19:34:31,153 - INFO - Saved document extraction: LastFM_Normal.pdf (pdf)
2026-03-29 19:34:31,154 - INFO - Saved document extraction: LastFM_Normal.pdf (pdf)
2026-03-29 19:34:31,158 - INFO - Saved document extraction: LastFM_TwoColumn.pdf (pdf)
2026-03-29 19:34:31,159 - INFO - Saved document extraction: LastFM_Normal.docx (docx)
2026-03-29 19:34:31,160 - INFO - Saved document extraction: LastFM_Data.xlsx (xlsx)
2026-03-29 19:34:31,161 - INFO - Saved document extraction: coldplay_my_universe_review.txt (txt)
2026-03-29 19:34:31,161 - INFO - Saved 6 document extraction records
2026-03-29 19:34:31,161 - INFO - Pipeline finished successfully
2026-04-07 23:38:13,125 - INFO - Starting pipeline...
2026-04-07 23:38:13,964 - INFO - Fetched 150 artists from API
2026-04-07 23:38:14,000 - INFO - Saved record to MongoDB collection: lastfm_api
2026-04-07 23:38:14,001 - INFO - Saved record to MongoDB collection: lastfm_api
2026-04-07 23:38:14,001 - INFO - Saved record to MongoDB collection: lastfm_api
2026-04-07 23:38:14,002 - INFO - Saved record to MongoDB collection: lastfm_api
2026-04-07 23:38:14,004 - INFO - Saved record to MongoDB collection: lastfm_api
2026-04-07 23:38:14,005 - INFO - Saved record to MongoDB collection: lastfm_api
2026-04-07 23:38:14,007 - INFO - Saved record to MongoDB collection: lastfm_api
2026-04-07 23:38:14,007 - INFO - Saved record to MongoDB collection: lastfm_api
2026-04-07 23:38:14,008 - INFO - Saved record to MongoDB collection: lastfm_api
2026-04-07 23:38:14,008 - INFO - Saved record to MongoDB collection: lastfm_api
2026-04-07 23:38:14,009 - INFO - Saved record to MongoDB collection: lastfm_api
2026-04-07 23:38:14,009 - INFO - Saved record to MongoDB collection: lastfm_api
2026-04-07 23:38:14,010 - INFO - Saved record to MongoDB collection: lastfm_api
2026-04-07 23:38:14,010 - INFO - Saved record to MongoDB collection: lastfm_api
2026-04-07 23:38:14,011 - INFO - Saved record to MongoDB collection: lastfm_api
2026-04-07 23:38:14,011 - INFO - Saved record to MongoDB collection: lastfm_api
2026-04-07 23:38:14,012 - INFO - Saved record to MongoDB collection: lastfm_api
2026-04-07 23:38:14,012 - INFO - Saved record to MongoDB collection: lastfm_api
2026-04-07 23:38:14,012 - INFO - Saved record to MongoDB collection: lastfm_api
2026-04-07 23:38:14,014 - INFO - Saved record to MongoDB collection: lastfm_api
2026-04-07 23:38:14,014 - INFO - Saved record to MongoDB collection: lastfm_api
2026-04-07 23:38:14,015 - INFO - Saved record to MongoDB collection: lastfm_api
2026-04-07 23:38:14,015 - INFO - Saved record to MongoDB collection: lastfm_api
2026-04-07 23:38:14,015 - INFO - Saved record to MongoDB collection: lastfm_api
2026-04-07 23:38:14,017 - INFO - Saved record to MongoDB collection: lastfm_api
2026-04-07 23:38:14,019 - INFO - Saved record to MongoDB collection: lastfm_api
2026-04-07 23:38:14,019 - INFO - Saved record to MongoDB collection: lastfm_api
2026-04-07 23:38:14,023 - INFO - Saved record to MongoDB collection: lastfm_api
2026-04-07 23:38:14,028 - INFO - Saved record to MongoDB collection: lastfm_api
2026-04-07 23:38:14,030 - INFO - Saved record to MongoDB collection: lastfm_api
2026-04-07 23:38:14,031 - INFO - Saved record to MongoDB collection: lastfm_api
2026-04-07 23:38:14,032 - INFO - Saved record to MongoDB collection: lastfm_api
2026-04-07 23:38:14,033 - INFO - Saved record to MongoDB collection: lastfm_api
2026-04-07 23:38:14,034 - INFO - Saved record to MongoDB collection: lastfm_api
2026-04-07 23:38:14,034 - INFO - Saved record to MongoDB collection: lastfm_api
2026-04-07 23:38:14,035 - INFO - Saved record to MongoDB collection: lastfm_api
2026-04-07 23:38:14,036 - INFO - Saved record to MongoDB collection: lastfm_api
2026-04-07 23:38:14,037 - INFO - Saved record to MongoDB collection: lastfm_api
2026-04-07 23:38:14,037 - INFO - Saved record to MongoDB collection: lastfm_api
2026-04-07 23:38:14,037 - INFO - Saved record to MongoDB collection: lastfm_api
2026-04-07 23:38:14,038 - INFO - Saved record to MongoDB collection: lastfm_api
2026-04-07 23:38:14,038 - INFO - Saved record to MongoDB collection: lastfm_api
2026-04-07 23:38:14,038 - INFO - Saved record to MongoDB collection: lastfm_api
2026-04-07 23:38:14,039 - INFO - Saved record to MongoDB collection: lastfm_api
2026-04-07 23:38:14,039 - INFO - Saved record to MongoDB collection: lastfm_api
2026-04-07 23:38:14,039 - INFO - Saved record to MongoDB collection: lastfm_api
2026-04-07 23:38:14,040 - INFO - Saved record to MongoDB collection: lastfm_api
2026-04-07 23:38:14,040 - INFO - Saved record to MongoDB collection: lastfm_api
2026-04-07 23:38:14,042 - INFO - Saved record to MongoDB collection: lastfm_api
2026-04-07 23:38:14,042 - INFO - Saved record to MongoDB collection: lastfm_api
2026-04-07 23:38:14,043 - INFO - Saved record to MongoDB collection: lastfm_api
2026-04-07 23:38:14,043 - INFO - Saved record to MongoDB collection: lastfm_api
2026-04-07 23:38:14,043 - INFO - Saved record to MongoDB collection: lastfm_api
2026-04-07 23:38:14,044 - INFO - Saved record to MongoDB collection: lastfm_api
2026-04-07 23:38:14,044 - INFO - Saved record to MongoDB collection: lastfm_api
2026-04-07 23:38:14,045 - INFO - Saved record to MongoDB collection: lastfm_api
2026-04-07 23:38:14,045 - INFO - Saved record to MongoDB collection: lastfm_api
2026-04-07 23:38:14,045 - INFO - Saved record to MongoDB collection: lastfm_api
2026-04-07 23:38:14,046 - INFO - Saved record to MongoDB collection: lastfm_api
2026-04-07 23:38:14,046 - INFO - Saved record to MongoDB collection: lastfm_api
2026-04-07 23:38:14,047 - INFO - Saved record to MongoDB collection: lastfm_api
2026-04-07 23:38:14,047 - INFO - Saved record to MongoDB collection: lastfm_api
2026-04-07 23:38:14,047 - INFO - Saved record to MongoDB collection: lastfm_api
2026-04-07 23:38:14,048 - INFO - Saved record to MongoDB collection: lastfm_api
2026-04-07 23:38:14,048 - INFO - Saved record to MongoDB collection: lastfm_api
2026-04-07 23:38:14,048 - INFO - Saved record to MongoDB collection: lastfm_api
2026-04-07 23:38:14,052 - INFO - Saved record to MongoDB collection: lastfm_api
2026-04-07 23:38:14,052 - INFO - Saved record to MongoDB collection: lastfm_api
2026-04-07 23:38:14,053 - INFO - Saved record to MongoDB collection: lastfm_api
2026-04-07 23:38:14,054 - INFO - Saved record to MongoDB collection: lastfm_api
2026-04-07 23:38:14,054 - INFO - Saved record to MongoDB collection: lastfm_api
2026-04-07 23:38:14,054 - INFO - Saved record to MongoDB collection: lastfm_api
2026-04-07 23:38:14,055 - INFO - Saved record to MongoDB collection: lastfm_api
2026-04-07 23:38:14,055 - INFO - Saved record to MongoDB collection: lastfm_api
2026-04-07 23:38:14,056 - INFO - Saved record to MongoDB collection: lastfm_api
2026-04-07 23:38:14,056 - INFO - Saved record to MongoDB collection: lastfm_api
2026-04-07 23:38:14,057 - INFO - Saved record to MongoDB collection: lastfm_api
2026-04-07 23:38:14,059 - INFO - Saved record to MongoDB collection: lastfm_api
2026-04-07 23:38:14,059 - INFO - Saved record to MongoDB collection: lastfm_api
2026-04-07 23:38:14,059 - INFO - Saved record to MongoDB collection: lastfm_api
2026-04-07 23:38:14,060 - INFO - Saved record to MongoDB collection: lastfm_api
2026-04-07 23:38:14,060 - INFO - Saved record to MongoDB collection: lastfm_api
2026-04-07 23:38:14,061 - INFO - Saved record to MongoDB collection: lastfm_api
2026-04-07 23:38:14,061 - INFO - Saved record to MongoDB collection: lastfm_api
2026-04-07 23:38:14,061 - INFO - Saved record to MongoDB collection: lastfm_api
2026-04-07 23:38:14,062 - INFO - Saved record to MongoDB collection: lastfm_api
2026-04-07 23:38:14,062 - INFO - Saved record to MongoDB collection: lastfm_api
2026-04-07 23:38:14,063 - INFO - Saved record to MongoDB collection: lastfm_api
2026-04-07 23:38:14,063 - INFO - Saved record to MongoDB collection: lastfm_api
2026-04-07 23:38:14,063 - INFO - Saved record to MongoDB collection: lastfm_api
2026-04-07 23:38:14,064 - INFO - Saved record to MongoDB collection: lastfm_api
2026-04-07 23:38:14,064 - INFO - Saved record to MongoDB collection: lastfm_api
2026-04-07 23:38:14,065 - INFO - Saved record to MongoDB collection: lastfm_api
2026-04-07 23:38:14,066 - INFO - Saved record to MongoDB collection: lastfm_api
2026-04-07 23:38:14,067 - INFO - Saved record to MongoDB collection: lastfm_api
2026-04-07 23:38:14,067 - INFO - Saved record to MongoDB collection: lastfm_api
2026-04-07 23:38:14,068 - INFO - Saved record to MongoDB collection: lastfm_api
2026-04-07 23:38:14,068 - INFO - Saved record to MongoDB collection: lastfm_api
2026-04-07 23:38:14,069 - INFO - Saved record to MongoDB collection: lastfm_api
2026-04-07 23:38:14,070 - INFO - Saved record to MongoDB collection: lastfm_api
2026-04-07 23:38:14,070 - INFO - Saved record to MongoDB collection: lastfm_api
2026-04-07 23:38:14,070 - INFO - Saved record to MongoDB collection: lastfm_api
2026-04-07 23:38:14,070 - INFO - Saved record to MongoDB collection: lastfm_api
2026-04-07 23:38:14,071 - INFO - Saved record to MongoDB collection: lastfm_api
2026-04-07 23:38:14,071 - INFO - Saved record to MongoDB collection: lastfm_api
2026-04-07 23:38:14,072 - INFO - Saved record to MongoDB collection: lastfm_api
2026-04-07 23:38:14,072 - INFO - Saved record to MongoDB collection: lastfm_api
2026-04-07 23:38:14,073 - INFO - Saved record to MongoDB collection: lastfm_api
2026-04-07 23:38:14,073 - INFO - Saved record to MongoDB collection: lastfm_api
2026-04-07 23:38:14,073 - INFO - Saved record to MongoDB collection: lastfm_api
2026-04-07 23:38:14,074 - INFO - Saved record to MongoDB collection: lastfm_api
2026-04-07 23:38:14,075 - INFO - Saved record to MongoDB collection: lastfm_api
2026-04-07 23:38:14,075 - INFO - Saved record to MongoDB collection: lastfm_api
2026-04-07 23:38:14,076 - INFO - Saved record to MongoDB collection: lastfm_api
2026-04-07 23:38:14,076 - INFO - Saved record to MongoDB collection: lastfm_api
2026-04-07 23:38:14,077 - INFO - Saved record to MongoDB collection: lastfm_api
2026-04-07 23:38:14,078 - INFO - Saved record to MongoDB collection: lastfm_api
2026-04-07 23:38:14,079 - INFO - Saved record to MongoDB collection: lastfm_api
2026-04-07 23:38:14,080 - INFO - Saved record to MongoDB collection: lastfm_api
2026-04-07 23:38:14,081 - INFO - Saved record to MongoDB collection: lastfm_api
2026-04-07 23:38:14,081 - INFO - Saved record to MongoDB collection: lastfm_api
2026-04-07 23:38:14,082 - INFO - Saved record to MongoDB collection: lastfm_api
2026-04-07 23:38:14,083 - INFO - Saved record to MongoDB collection: lastfm_api
2026-04-07 23:38:14,084 - INFO - Saved record to MongoDB collection: lastfm_api
2026-04-07 23:38:14,085 - INFO - Saved record to MongoDB collection: lastfm_api
2026-04-07 23:38:14,085 - INFO - Saved record to MongoDB collection: lastfm_api
2026-04-07 23:38:14,086 - INFO - Saved record to MongoDB collection: lastfm_api
2026-04-07 23:38:14,087 - INFO - Saved record to MongoDB collection: lastfm_api
2026-04-07 23:38:14,088 - INFO - Saved record to MongoDB collection: lastfm_api
2026-04-07 23:38:14,090 - INFO - Saved record to MongoDB collection: lastfm_api
2026-04-07 23:38:14,091 - INFO - Saved record to MongoDB collection: lastfm_api
2026-04-07 23:38:14,092 - INFO - Saved record to MongoDB collection: lastfm_api
2026-04-07 23:38:14,092 - INFO - Saved record to MongoDB collection: lastfm_api
2026-04-07 23:38:14,093 - INFO - Saved record to MongoDB collection: lastfm_api
2026-04-07 23:38:14,094 - INFO - Saved record to MongoDB collection: lastfm_api
2026-04-07 23:38:14,094 - INFO - Saved record to MongoDB collection: lastfm_api
2026-04-07 23:38:14,095 - INFO - Saved record to MongoDB collection: lastfm_api
2026-04-07 23:38:14,095 - INFO - Saved record to MongoDB collection: lastfm_api
2026-04-07 23:38:14,095 - INFO - Saved record to MongoDB collection: lastfm_api
2026-04-07 23:38:14,095 - INFO - Saved record to MongoDB collection: lastfm_api
2026-04-07 23:38:14,096 - INFO - Saved record to MongoDB collection: lastfm_api
2026-04-07 23:38:14,096 - INFO - Saved record to MongoDB collection: lastfm_api
2026-04-07 23:38:14,097 - INFO - Saved record to MongoDB collection: lastfm_api
2026-04-07 23:38:14,097 - INFO - Saved record to MongoDB collection: lastfm_api
2026-04-07 23:38:14,097 - INFO - Saved record to MongoDB collection: lastfm_api
2026-04-07 23:38:14,097 - INFO - Saved record to MongoDB collection: lastfm_api
2026-04-07 23:38:14,098 - INFO - Saved record to MongoDB collection: lastfm_api
2026-04-07 23:38:14,098 - INFO - Saved record to MongoDB collection: lastfm_api
2026-04-07 23:38:14,098 - INFO - Saved record to MongoDB collection: lastfm_api
2026-04-07 23:38:14,099 - INFO - Saved record to MongoDB collection: lastfm_api
2026-04-07 23:38:14,242 - INFO - Started uploading artists_page_1.json to music-pipeline-bucket
2026-04-07 23:38:14,437 - INFO - Successfully uploaded artists_page_1.json to music-pipeline-bucket
2026-04-07 23:38:14,437 - INFO - Extracting PDF: /Users/tarikhamzic/Desktop/coding projects/Unstructured_data_Music_Analysis_project/data/processed/documents/LastFM_Normal.pdf
2026-04-07 23:38:14,490 - INFO - Extracting PDF: /Users/tarikhamzic/Desktop/coding projects/Unstructured_data_Music_Analysis_project/data/processed/documents/LastFM_TwoColumn.pdf
2026-04-07 23:38:14,506 - INFO - Extracting DOCX: /Users/tarikhamzic/Desktop/coding projects/Unstructured_data_Music_Analysis_project/data/processed/documents/LastFM_Normal.docx
2026-04-07 23:38:14,512 - INFO - Extracting XLSX: /Users/tarikhamzic/Desktop/coding projects/Unstructured_data_Music_Analysis_project/data/processed/documents/LastFM_Data.xlsx
2026-04-07 23:38:14,521 - INFO - Extracted 6 document records
2026-04-07 23:38:14,524 - INFO - Saved document extraction: LastFM_Normal.pdf (pdf)
2026-04-07 23:38:14,524 - INFO - Saved document extraction: LastFM_Normal.pdf (pdf)
2026-04-07 23:38:14,526 - INFO - Saved document extraction: LastFM_TwoColumn.pdf (pdf)
2026-04-07 23:38:14,526 - INFO - Saved document extraction: LastFM_Normal.docx (docx)
2026-04-07 23:38:14,527 - INFO - Saved document extraction: LastFM_Data.xlsx (xlsx)
2026-04-07 23:38:14,528 - INFO - Saved document extraction: coldplay_my_universe_review.txt (txt)
2026-04-07 23:38:14,528 - INFO - Saved 6 document extraction records
2026-04-07 23:38:14,537 - INFO - Scraped local HTML samples: 6 records
2026-04-07 23:38:15,943 - INFO - Dynamic JSON endpoint records: 10
2026-04-07 23:38:15,996 - INFO - Saved document extraction: local_page_1.html (unknown)
2026-04-07 23:38:15,998 - INFO - Saved document extraction: local_page_1.html (unknown)
2026-04-07 23:38:16,000 - INFO - Saved document extraction: local_page_2.html (unknown)
2026-04-07 23:38:16,001 - INFO - Saved document extraction: local_page_2.html (unknown)
2026-04-07 23:38:16,003 - INFO - Saved document extraction: local_page_3.html (unknown)
2026-04-07 23:38:16,005 - INFO - Saved document extraction: local_page_3.html (unknown)
2026-04-07 23:38:16,007 - INFO - Saved document extraction: dynamic_endpoint.json (unknown)
2026-04-07 23:38:16,009 - INFO - Saved document extraction: dynamic_endpoint.json (unknown)
2026-04-07 23:38:16,011 - INFO - Saved document extraction: dynamic_endpoint.json (unknown)
2026-04-07 23:38:16,011 - INFO - Saved document extraction: dynamic_endpoint.json (unknown)
2026-04-07 23:38:16,012 - INFO - Saved document extraction: dynamic_endpoint.json (unknown)
2026-04-07 23:38:16,013 - INFO - Saved document extraction: dynamic_endpoint.json (unknown)
2026-04-07 23:38:16,014 - INFO - Saved document extraction: dynamic_endpoint.json (unknown)
2026-04-07 23:38:16,014 - INFO - Saved document extraction: dynamic_endpoint.json (unknown)
2026-04-07 23:38:16,016 - INFO - Saved document extraction: dynamic_endpoint.json (unknown)
2026-04-07 23:38:16,017 - INFO - Saved document extraction: dynamic_endpoint.json (unknown)
2026-04-07 23:38:16,017 - INFO - Saved 16 scraped web records
2026-04-07 23:38:16,668 - INFO - OCR image extraction completed
2026-04-07 23:38:17,707 - INFO - OCR scanned PDF extraction completed
2026-04-07 23:38:17,734 - INFO - Saved document extraction: test_scan.png (unknown)
2026-04-07 23:38:17,735 - INFO - Saved document extraction: test_scanned.pdf (unknown)
2026-04-07 23:38:17,735 - INFO - Saved 2 OCR records
2026-04-07 23:38:17,735 - INFO - Pipeline finished successfully
2026-04-07 23:38:46,870 - INFO - Starting pipeline...
2026-04-07 23:38:47,664 - INFO - Fetched 150 artists from API
2026-04-07 23:38:47,674 - INFO - Saved record to MongoDB collection: lastfm_api
2026-04-07 23:38:47,675 - INFO - Saved record to MongoDB collection: lastfm_api
2026-04-07 23:38:47,676 - INFO - Saved record to MongoDB collection: lastfm_api
2026-04-07 23:38:47,678 - INFO - Saved record to MongoDB collection: lastfm_api
2026-04-07 23:38:47,680 - INFO - Saved record to MongoDB collection: lastfm_api
2026-04-07 23:38:47,681 - INFO - Saved record to MongoDB collection: lastfm_api
2026-04-07 23:38:47,683 - INFO - Saved record to MongoDB collection: lastfm_api
2026-04-07 23:38:47,687 - INFO - Saved record to MongoDB collection: lastfm_api
2026-04-07 23:38:47,688 - INFO - Saved record to MongoDB collection: lastfm_api
2026-04-07 23:38:47,689 - INFO - Saved record to MongoDB collection: lastfm_api
2026-04-07 23:38:47,691 - INFO - Saved record to MongoDB collection: lastfm_api
2026-04-07 23:38:47,692 - INFO - Saved record to MongoDB collection: lastfm_api
2026-04-07 23:38:47,693 - INFO - Saved record to MongoDB collection: lastfm_api
2026-04-07 23:38:47,694 - INFO - Saved record to MongoDB collection: lastfm_api
2026-04-07 23:38:47,695 - INFO - Saved record to MongoDB collection: lastfm_api
2026-04-07 23:38:47,696 - INFO - Saved record to MongoDB collection: lastfm_api
2026-04-07 23:38:47,697 - INFO - Saved record to MongoDB collection: lastfm_api
2026-04-07 23:38:47,698 - INFO - Saved record to MongoDB collection: lastfm_api
2026-04-07 23:38:47,699 - INFO - Saved record to MongoDB collection: lastfm_api
2026-04-07 23:38:47,700 - INFO - Saved record to MongoDB collection: lastfm_api
2026-04-07 23:38:47,701 - INFO - Saved record to MongoDB collection: lastfm_api
2026-04-07 23:38:47,703 - INFO - Saved record to MongoDB collection: lastfm_api
2026-04-07 23:38:47,705 - INFO - Saved record to MongoDB collection: lastfm_api
2026-04-07 23:38:47,708 - INFO - Saved record to MongoDB collection: lastfm_api
2026-04-07 23:38:47,710 - INFO - Saved record to MongoDB collection: lastfm_api
2026-04-07 23:38:47,712 - INFO - Saved record to MongoDB collection: lastfm_api
2026-04-07 23:38:47,714 - INFO - Saved record to MongoDB collection: lastfm_api
2026-04-07 23:38:47,717 - INFO - Saved record to MongoDB collection: lastfm_api
2026-04-07 23:38:47,720 - INFO - Saved record to MongoDB collection: lastfm_api
2026-04-07 23:38:47,722 - INFO - Saved record to MongoDB collection: lastfm_api
2026-04-07 23:38:47,723 - INFO - Saved record to MongoDB collection: lastfm_api
2026-04-07 23:38:47,724 - INFO - Saved record to MongoDB collection: lastfm_api
2026-04-07 23:38:47,725 - INFO - Saved record to MongoDB collection: lastfm_api
2026-04-07 23:38:47,726 - INFO - Saved record to MongoDB collection: lastfm_api
2026-04-07 23:38:47,727 - INFO - Saved record to MongoDB collection: lastfm_api
2026-04-07 23:38:47,728 - INFO - Saved record to MongoDB collection: lastfm_api
2026-04-07 23:38:47,730 - INFO - Saved record to MongoDB collection: lastfm_api
2026-04-07 23:38:47,731 - INFO - Saved record to MongoDB collection: lastfm_api
2026-04-07 23:38:47,732 - INFO - Saved record to MongoDB collection: lastfm_api
2026-04-07 23:38:47,734 - INFO - Saved record to MongoDB collection: lastfm_api
2026-04-07 23:38:47,736 - INFO - Saved record to MongoDB collection: lastfm_api
2026-04-07 23:38:47,737 - INFO - Saved record to MongoDB collection: lastfm_api
2026-04-07 23:38:47,740 - INFO - Saved record to MongoDB collection: lastfm_api
2026-04-07 23:38:47,741 - INFO - Saved record to MongoDB collection: lastfm_api
2026-04-07 23:38:47,743 - INFO - Saved record to MongoDB collection: lastfm_api
2026-04-07 23:38:47,745 - INFO - Saved record to MongoDB collection: lastfm_api
2026-04-07 23:38:47,747 - INFO - Saved record to MongoDB collection: lastfm_api
2026-04-07 23:38:47,749 - INFO - Saved record to MongoDB collection: lastfm_api
2026-04-07 23:38:47,751 - INFO - Saved record to MongoDB collection: lastfm_api
2026-04-07 23:38:47,753 - INFO - Saved record to MongoDB collection: lastfm_api
2026-04-07 23:38:47,756 - INFO - Saved record to MongoDB collection: lastfm_api
2026-04-07 23:38:47,759 - INFO - Saved record to MongoDB collection: lastfm_api
2026-04-07 23:38:47,761 - INFO - Saved record to MongoDB collection: lastfm_api
2026-04-07 23:38:47,764 - INFO - Saved record to MongoDB collection: lastfm_api
2026-04-07 23:38:47,766 - INFO - Saved record to MongoDB collection: lastfm_api
2026-04-07 23:38:47,768 - INFO - Saved record to MongoDB collection: lastfm_api
2026-04-07 23:38:47,771 - INFO - Saved record to MongoDB collection: lastfm_api
2026-04-07 23:38:47,772 - INFO - Saved record to MongoDB collection: lastfm_api
2026-04-07 23:38:47,775 - INFO - Saved record to MongoDB collection: lastfm_api
2026-04-07 23:38:47,777 - INFO - Saved record to MongoDB collection: lastfm_api
2026-04-07 23:38:47,779 - INFO - Saved record to MongoDB collection: lastfm_api
2026-04-07 23:38:47,781 - INFO - Saved record to MongoDB collection: lastfm_api
2026-04-07 23:38:47,784 - INFO - Saved record to MongoDB collection: lastfm_api
2026-04-07 23:38:47,786 - INFO - Saved record to MongoDB collection: lastfm_api
2026-04-07 23:38:47,788 - INFO - Saved record to MongoDB collection: lastfm_api
2026-04-07 23:38:47,790 - INFO - Saved record to MongoDB collection: lastfm_api
2026-04-07 23:38:47,792 - INFO - Saved record to MongoDB collection: lastfm_api
2026-04-07 23:38:47,794 - INFO - Saved record to MongoDB collection: lastfm_api
2026-04-07 23:38:47,796 - INFO - Saved record to MongoDB collection: lastfm_api
2026-04-07 23:38:47,797 - INFO - Saved record to MongoDB collection: lastfm_api
2026-04-07 23:38:47,798 - INFO - Saved record to MongoDB collection: lastfm_api
2026-04-07 23:38:47,799 - INFO - Saved record to MongoDB collection: lastfm_api
2026-04-07 23:38:47,800 - INFO - Saved record to MongoDB collection: lastfm_api
2026-04-07 23:38:47,802 - INFO - Saved record to MongoDB collection: lastfm_api
2026-04-07 23:38:47,804 - INFO - Saved record to MongoDB collection: lastfm_api
2026-04-07 23:38:47,808 - INFO - Saved record to MongoDB collection: lastfm_api
2026-04-07 23:38:47,809 - INFO - Saved record to MongoDB collection: lastfm_api
2026-04-07 23:38:47,810 - INFO - Saved record to MongoDB collection: lastfm_api
2026-04-07 23:38:47,811 - INFO - Saved record to MongoDB collection: lastfm_api
2026-04-07 23:38:47,812 - INFO - Saved record to MongoDB collection: lastfm_api
2026-04-07 23:38:47,813 - INFO - Saved record to MongoDB collection: lastfm_api
2026-04-07 23:38:47,814 - INFO - Saved record to MongoDB collection: lastfm_api
2026-04-07 23:38:47,815 - INFO - Saved record to MongoDB collection: lastfm_api
2026-04-07 23:38:47,816 - INFO - Saved record to MongoDB collection: lastfm_api
2026-04-07 23:38:47,817 - INFO - Saved record to MongoDB collection: lastfm_api
2026-04-07 23:38:47,818 - INFO - Saved record to MongoDB collection: lastfm_api
2026-04-07 23:38:47,823 - INFO - Saved record to MongoDB collection: lastfm_api
2026-04-07 23:38:47,825 - INFO - Saved record to MongoDB collection: lastfm_api
2026-04-07 23:38:47,826 - INFO - Saved record to MongoDB collection: lastfm_api
2026-04-07 23:38:47,827 - INFO - Saved record to MongoDB collection: lastfm_api
2026-04-07 23:38:47,828 - INFO - Saved record to MongoDB collection: lastfm_api
2026-04-07 23:38:47,829 - INFO - Saved record to MongoDB collection: lastfm_api
2026-04-07 23:38:47,830 - INFO - Saved record to MongoDB collection: lastfm_api
2026-04-07 23:38:47,831 - INFO - Saved record to MongoDB collection: lastfm_api
2026-04-07 23:38:47,832 - INFO - Saved record to MongoDB collection: lastfm_api
2026-04-07 23:38:47,834 - INFO - Saved record to MongoDB collection: lastfm_api
2026-04-07 23:38:47,836 - INFO - Saved record to MongoDB collection: lastfm_api
2026-04-07 23:38:47,838 - INFO - Saved record to MongoDB collection: lastfm_api
2026-04-07 23:38:47,840 - INFO - Saved record to MongoDB collection: lastfm_api
2026-04-07 23:38:47,842 - INFO - Saved record to MongoDB collection: lastfm_api
2026-04-07 23:38:47,844 - INFO - Saved record to MongoDB collection: lastfm_api
2026-04-07 23:38:47,845 - INFO - Saved record to MongoDB collection: lastfm_api
2026-04-07 23:38:47,847 - INFO - Saved record to MongoDB collection: lastfm_api
2026-04-07 23:38:47,848 - INFO - Saved record to MongoDB collection: lastfm_api
2026-04-07 23:38:47,850 - INFO - Saved record to MongoDB collection: lastfm_api
2026-04-07 23:38:47,851 - INFO - Saved record to MongoDB collection: lastfm_api
2026-04-07 23:38:47,854 - INFO - Saved record to MongoDB collection: lastfm_api
2026-04-07 23:38:47,857 - INFO - Saved record to MongoDB collection: lastfm_api
2026-04-07 23:38:47,860 - INFO - Saved record to MongoDB collection: lastfm_api
2026-04-07 23:38:47,861 - INFO - Saved record to MongoDB collection: lastfm_api
2026-04-07 23:38:47,862 - INFO - Saved record to MongoDB collection: lastfm_api
2026-04-07 23:38:47,863 - INFO - Saved record to MongoDB collection: lastfm_api
2026-04-07 23:38:47,863 - INFO - Saved record to MongoDB collection: lastfm_api
2026-04-07 23:38:47,864 - INFO - Saved record to MongoDB collection: lastfm_api
2026-04-07 23:38:47,865 - INFO - Saved record to MongoDB collection: lastfm_api
2026-04-07 23:38:47,866 - INFO - Saved record to MongoDB collection: lastfm_api
2026-04-07 23:38:47,867 - INFO - Saved record to MongoDB collection: lastfm_api
2026-04-07 23:38:47,868 - INFO - Saved record to MongoDB collection: lastfm_api
2026-04-07 23:38:47,870 - INFO - Saved record to MongoDB collection: lastfm_api
2026-04-07 23:38:47,871 - INFO - Saved record to MongoDB collection: lastfm_api
2026-04-07 23:38:47,872 - INFO - Saved record to MongoDB collection: lastfm_api
2026-04-07 23:38:47,873 - INFO - Saved record to MongoDB collection: lastfm_api
2026-04-07 23:38:47,873 - INFO - Saved record to MongoDB collection: lastfm_api
2026-04-07 23:38:47,874 - INFO - Saved record to MongoDB collection: lastfm_api
2026-04-07 23:38:47,875 - INFO - Saved record to MongoDB collection: lastfm_api
2026-04-07 23:38:47,876 - INFO - Saved record to MongoDB collection: lastfm_api
2026-04-07 23:38:47,877 - INFO - Saved record to MongoDB collection: lastfm_api
2026-04-07 23:38:47,877 - INFO - Saved record to MongoDB collection: lastfm_api
2026-04-07 23:38:47,878 - INFO - Saved record to MongoDB collection: lastfm_api
2026-04-07 23:38:47,878 - INFO - Saved record to MongoDB collection: lastfm_api
2026-04-07 23:38:47,879 - INFO - Saved record to MongoDB collection: lastfm_api
2026-04-07 23:38:47,880 - INFO - Saved record to MongoDB collection: lastfm_api
2026-04-07 23:38:47,881 - INFO - Saved record to MongoDB collection: lastfm_api
2026-04-07 23:38:47,881 - INFO - Saved record to MongoDB collection: lastfm_api
2026-04-07 23:38:47,882 - INFO - Saved record to MongoDB collection: lastfm_api
2026-04-07 23:38:47,882 - INFO - Saved record to MongoDB collection: lastfm_api
2026-04-07 23:38:47,882 - INFO - Saved record to MongoDB collection: lastfm_api
2026-04-07 23:38:47,883 - INFO - Saved record to MongoDB collection: lastfm_api
2026-04-07 23:38:47,883 - INFO - Saved record to MongoDB collection: lastfm_api
2026-04-07 23:38:47,884 - INFO - Saved record to MongoDB collection: lastfm_api
2026-04-07 23:38:47,885 - INFO - Saved record to MongoDB collection: lastfm_api
2026-04-07 23:38:47,886 - INFO - Saved record to MongoDB collection: lastfm_api
2026-04-07 23:38:47,886 - INFO - Saved record to MongoDB collection: lastfm_api
2026-04-07 23:38:47,887 - INFO - Saved record to MongoDB collection: lastfm_api
2026-04-07 23:38:47,888 - INFO - Saved record to MongoDB collection: lastfm_api
2026-04-07 23:38:47,888 - INFO - Saved record to MongoDB collection: lastfm_api
2026-04-07 23:38:47,889 - INFO - Saved record to MongoDB collection: lastfm_api
2026-04-07 23:38:47,890 - INFO - Saved record to MongoDB collection: lastfm_api
2026-04-07 23:38:47,891 - INFO - Saved record to MongoDB collection: lastfm_api
2026-04-07 23:38:47,892 - INFO - Saved record to MongoDB collection: lastfm_api
2026-04-07 23:38:48,021 - INFO - Started uploading artists_page_1.json to music-pipeline-bucket
2026-04-07 23:38:48,058 - INFO - Successfully uploaded artists_page_1.json to music-pipeline-bucket
2026-04-07 23:38:48,058 - INFO - Extracting PDF: /Users/tarikhamzic/Desktop/coding projects/Unstructured_data_Music_Analysis_project/data/processed/documents/LastFM_Normal.pdf
2026-04-07 23:38:48,100 - INFO - Extracting PDF: /Users/tarikhamzic/Desktop/coding projects/Unstructured_data_Music_Analysis_project/data/processed/documents/LastFM_TwoColumn.pdf
2026-04-07 23:38:48,119 - INFO - Extracting DOCX: /Users/tarikhamzic/Desktop/coding projects/Unstructured_data_Music_Analysis_project/data/processed/documents/LastFM_Normal.docx
2026-04-07 23:38:48,127 - INFO - Extracting XLSX: /Users/tarikhamzic/Desktop/coding projects/Unstructured_data_Music_Analysis_project/data/processed/documents/LastFM_Data.xlsx
2026-04-07 23:38:48,137 - INFO - Extracted 6 document records
2026-04-07 23:38:48,138 - INFO - Saved document extraction: LastFM_Normal.pdf (pdf)
2026-04-07 23:38:48,139 - INFO - Saved document extraction: LastFM_Normal.pdf (pdf)
2026-04-07 23:38:48,139 - INFO - Saved document extraction: LastFM_TwoColumn.pdf (pdf)
2026-04-07 23:38:48,140 - INFO - Saved document extraction: LastFM_Normal.docx (docx)
2026-04-07 23:38:48,140 - INFO - Saved document extraction: LastFM_Data.xlsx (xlsx)
2026-04-07 23:38:48,140 - INFO - Saved document extraction: coldplay_my_universe_review.txt (txt)
2026-04-07 23:38:48,140 - INFO - Saved 6 document extraction records
2026-04-07 23:38:48,149 - INFO - Scraped local HTML samples: 6 records
2026-04-07 23:38:48,945 - INFO - Dynamic JSON endpoint records: 10
2026-04-07 23:38:48,953 - INFO - Saved document extraction: local_page_1.html (scraped)
2026-04-07 23:38:48,955 - INFO - Saved document extraction: local_page_1.html (scraped)
2026-04-07 23:38:48,956 - INFO - Saved document extraction: local_page_2.html (scraped)
2026-04-07 23:38:48,956 - INFO - Saved document extraction: local_page_2.html (scraped)
2026-04-07 23:38:48,957 - INFO - Saved document extraction: local_page_3.html (scraped)
2026-04-07 23:38:48,958 - INFO - Saved document extraction: local_page_3.html (scraped)
2026-04-07 23:38:48,959 - INFO - Saved document extraction: dynamic_endpoint.json (dynamic-json-endpoint)
2026-04-07 23:38:48,959 - INFO - Saved document extraction: dynamic_endpoint.json (dynamic-json-endpoint)
2026-04-07 23:38:48,961 - INFO - Saved document extraction: dynamic_endpoint.json (dynamic-json-endpoint)
2026-04-07 23:38:48,962 - INFO - Saved document extraction: dynamic_endpoint.json (dynamic-json-endpoint)
2026-04-07 23:38:48,962 - INFO - Saved document extraction: dynamic_endpoint.json (dynamic-json-endpoint)
2026-04-07 23:38:48,963 - INFO - Saved document extraction: dynamic_endpoint.json (dynamic-json-endpoint)
2026-04-07 23:38:48,964 - INFO - Saved document extraction: dynamic_endpoint.json (dynamic-json-endpoint)
2026-04-07 23:38:48,965 - INFO - Saved document extraction: dynamic_endpoint.json (dynamic-json-endpoint)
2026-04-07 23:38:48,965 - INFO - Saved document extraction: dynamic_endpoint.json (dynamic-json-endpoint)
2026-04-07 23:38:48,966 - INFO - Saved document extraction: dynamic_endpoint.json (dynamic-json-endpoint)
2026-04-07 23:38:48,966 - INFO - Saved 16 scraped web records
2026-04-07 23:38:49,274 - INFO - OCR image extraction completed
2026-04-07 23:38:49,753 - INFO - OCR scanned PDF extraction completed
2026-04-07 23:38:49,756 - INFO - Saved document extraction: test_scan.png (ocr-image)
2026-04-07 23:38:49,758 - INFO - Saved document extraction: test_scanned.pdf (ocr-pdf)
2026-04-07 23:38:49,758 - INFO - Saved 2 OCR records
2026-04-07 23:38:49,758 - INFO - Pipeline finished successfully
2026-04-09 21:23:32,772 - INFO - Starting pipeline...
2026-04-09 21:23:33,902 - INFO - Fetched 150 artists from API
2026-04-09 21:23:33,930 - INFO - Saved record to MongoDB collection: lastfm_api
2026-04-09 21:23:33,931 - INFO - Saved record to MongoDB collection: lastfm_api
2026-04-09 21:23:33,932 - INFO - Saved record to MongoDB collection: lastfm_api
2026-04-09 21:23:33,933 - INFO - Saved record to MongoDB collection: lastfm_api
2026-04-09 21:23:33,934 - INFO - Saved record to MongoDB collection: lastfm_api
2026-04-09 21:23:33,935 - INFO - Saved record to MongoDB collection: lastfm_api
2026-04-09 21:23:33,936 - INFO - Saved record to MongoDB collection: lastfm_api
2026-04-09 21:23:33,936 - INFO - Saved record to MongoDB collection: lastfm_api
2026-04-09 21:23:33,938 - INFO - Saved record to MongoDB collection: lastfm_api
2026-04-09 21:23:33,939 - INFO - Saved record to MongoDB collection: lastfm_api
2026-04-09 21:23:33,940 - INFO - Saved record to MongoDB collection: lastfm_api
2026-04-09 21:23:33,943 - INFO - Saved record to MongoDB collection: lastfm_api
2026-04-09 21:23:33,946 - INFO - Saved record to MongoDB collection: lastfm_api
2026-04-09 21:23:33,948 - INFO - Saved record to MongoDB collection: lastfm_api
2026-04-09 21:23:33,950 - INFO - Saved record to MongoDB collection: lastfm_api
2026-04-09 21:23:33,951 - INFO - Saved record to MongoDB collection: lastfm_api
2026-04-09 21:23:33,953 - INFO - Saved record to MongoDB collection: lastfm_api
2026-04-09 21:23:33,956 - INFO - Saved record to MongoDB collection: lastfm_api
2026-04-09 21:23:33,957 - INFO - Saved record to MongoDB collection: lastfm_api
2026-04-09 21:23:33,958 - INFO - Saved record to MongoDB collection: lastfm_api
2026-04-09 21:23:33,959 - INFO - Saved record to MongoDB collection: lastfm_api
2026-04-09 21:23:33,961 - INFO - Saved record to MongoDB collection: lastfm_api
2026-04-09 21:23:33,962 - INFO - Saved record to MongoDB collection: lastfm_api
2026-04-09 21:23:33,964 - INFO - Saved record to MongoDB collection: lastfm_api
2026-04-09 21:23:33,965 - INFO - Saved record to MongoDB collection: lastfm_api
2026-04-09 21:23:33,965 - INFO - Saved record to MongoDB collection: lastfm_api
2026-04-09 21:23:33,966 - INFO - Saved record to MongoDB collection: lastfm_api
2026-04-09 21:23:33,967 - INFO - Saved record to MongoDB collection: lastfm_api
2026-04-09 21:23:33,967 - INFO - Saved record to MongoDB collection: lastfm_api
2026-04-09 21:23:33,968 - INFO - Saved record to MongoDB collection: lastfm_api
2026-04-09 21:23:33,969 - INFO - Saved record to MongoDB collection: lastfm_api
2026-04-09 21:23:33,969 - INFO - Saved record to MongoDB collection: lastfm_api
2026-04-09 21:23:33,970 - INFO - Saved record to MongoDB collection: lastfm_api
2026-04-09 21:23:33,970 - INFO - Saved record to MongoDB collection: lastfm_api
2026-04-09 21:23:33,970 - INFO - Saved record to MongoDB collection: lastfm_api
2026-04-09 21:23:33,971 - INFO - Saved record to MongoDB collection: lastfm_api
2026-04-09 21:23:33,971 - INFO - Saved record to MongoDB collection: lastfm_api
2026-04-09 21:23:33,972 - INFO - Saved record to MongoDB collection: lastfm_api
2026-04-09 21:23:33,973 - INFO - Saved record to MongoDB collection: lastfm_api
2026-04-09 21:23:33,973 - INFO - Saved record to MongoDB collection: lastfm_api
2026-04-09 21:23:33,974 - INFO - Saved record to MongoDB collection: lastfm_api
2026-04-09 21:23:33,975 - INFO - Saved record to MongoDB collection: lastfm_api
2026-04-09 21:23:33,976 - INFO - Saved record to MongoDB collection: lastfm_api
2026-04-09 21:23:33,978 - INFO - Saved record to MongoDB collection: lastfm_api
2026-04-09 21:23:33,978 - INFO - Saved record to MongoDB collection: lastfm_api
2026-04-09 21:23:33,979 - INFO - Saved record to MongoDB collection: lastfm_api
2026-04-09 21:23:33,980 - INFO - Saved record to MongoDB collection: lastfm_api
2026-04-09 21:23:33,983 - INFO - Saved record to MongoDB collection: lastfm_api
2026-04-09 21:23:33,985 - INFO - Saved record to MongoDB collection: lastfm_api
2026-04-09 21:23:33,988 - INFO - Saved record to MongoDB collection: lastfm_api
2026-04-09 21:23:33,988 - INFO - Saved record to MongoDB collection: lastfm_api
2026-04-09 21:23:33,989 - INFO - Saved record to MongoDB collection: lastfm_api
2026-04-09 21:23:33,989 - INFO - Saved record to MongoDB collection: lastfm_api
2026-04-09 21:23:33,990 - INFO - Saved record to MongoDB collection: lastfm_api
2026-04-09 21:23:33,991 - INFO - Saved record to MongoDB collection: lastfm_api
2026-04-09 21:23:33,991 - INFO - Saved record to MongoDB collection: lastfm_api
2026-04-09 21:23:33,992 - INFO - Saved record to MongoDB collection: lastfm_api
2026-04-09 21:23:33,992 - INFO - Saved record to MongoDB collection: lastfm_api
2026-04-09 21:23:33,993 - INFO - Saved record to MongoDB collection: lastfm_api
2026-04-09 21:23:33,993 - INFO - Saved record to MongoDB collection: lastfm_api
2026-04-09 21:23:33,994 - INFO - Saved record to MongoDB collection: lastfm_api
2026-04-09 21:23:33,997 - INFO - Saved record to MongoDB collection: lastfm_api
2026-04-09 21:23:33,999 - INFO - Saved record to MongoDB collection: lastfm_api
2026-04-09 21:23:33,999 - INFO - Saved record to MongoDB collection: lastfm_api
2026-04-09 21:23:34,001 - INFO - Saved record to MongoDB collection: lastfm_api
2026-04-09 21:23:34,002 - INFO - Saved record to MongoDB collection: lastfm_api
2026-04-09 21:23:34,003 - INFO - Saved record to MongoDB collection: lastfm_api
2026-04-09 21:23:34,004 - INFO - Saved record to MongoDB collection: lastfm_api
2026-04-09 21:23:34,005 - INFO - Saved record to MongoDB collection: lastfm_api
2026-04-09 21:23:34,006 - INFO - Saved record to MongoDB collection: lastfm_api
2026-04-09 21:23:34,006 - INFO - Saved record to MongoDB collection: lastfm_api
2026-04-09 21:23:34,007 - INFO - Saved record to MongoDB collection: lastfm_api
2026-04-09 21:23:34,008 - INFO - Saved record to MongoDB collection: lastfm_api
2026-04-09 21:23:34,009 - INFO - Saved record to MongoDB collection: lastfm_api
2026-04-09 21:23:34,010 - INFO - Saved record to MongoDB collection: lastfm_api
2026-04-09 21:23:34,011 - INFO - Saved record to MongoDB collection: lastfm_api
2026-04-09 21:23:34,012 - INFO - Saved record to MongoDB collection: lastfm_api
2026-04-09 21:23:34,014 - INFO - Saved record to MongoDB collection: lastfm_api
2026-04-09 21:23:34,015 - INFO - Saved record to MongoDB collection: lastfm_api
2026-04-09 21:23:34,017 - INFO - Saved record to MongoDB collection: lastfm_api
2026-04-09 21:23:34,024 - INFO - Saved record to MongoDB collection: lastfm_api
2026-04-09 21:23:34,026 - INFO - Saved record to MongoDB collection: lastfm_api
2026-04-09 21:23:34,027 - INFO - Saved record to MongoDB collection: lastfm_api
2026-04-09 21:23:34,030 - INFO - Saved record to MongoDB collection: lastfm_api
2026-04-09 21:23:34,032 - INFO - Saved record to MongoDB collection: lastfm_api
2026-04-09 21:23:34,033 - INFO - Saved record to MongoDB collection: lastfm_api
2026-04-09 21:23:34,035 - INFO - Saved record to MongoDB collection: lastfm_api
2026-04-09 21:23:34,038 - INFO - Saved record to MongoDB collection: lastfm_api
2026-04-09 21:23:34,040 - INFO - Saved record to MongoDB collection: lastfm_api
2026-04-09 21:23:34,041 - INFO - Saved record to MongoDB collection: lastfm_api
2026-04-09 21:23:34,041 - INFO - Saved record to MongoDB collection: lastfm_api
2026-04-09 21:23:34,042 - INFO - Saved record to MongoDB collection: lastfm_api
2026-04-09 21:23:34,043 - INFO - Saved record to MongoDB collection: lastfm_api
2026-04-09 21:23:34,043 - INFO - Saved record to MongoDB collection: lastfm_api
2026-04-09 21:23:34,044 - INFO - Saved record to MongoDB collection: lastfm_api
2026-04-09 21:23:34,047 - INFO - Saved record to MongoDB collection: lastfm_api
2026-04-09 21:23:34,049 - INFO - Saved record to MongoDB collection: lastfm_api
2026-04-09 21:23:34,050 - INFO - Saved record to MongoDB collection: lastfm_api
2026-04-09 21:23:34,052 - INFO - Saved record to MongoDB collection: lastfm_api
2026-04-09 21:23:34,053 - INFO - Saved record to MongoDB collection: lastfm_api
2026-04-09 21:23:34,053 - INFO - Saved record to MongoDB collection: lastfm_api
2026-04-09 21:23:34,054 - INFO - Saved record to MongoDB collection: lastfm_api
2026-04-09 21:23:34,055 - INFO - Saved record to MongoDB collection: lastfm_api
2026-04-09 21:23:34,055 - INFO - Saved record to MongoDB collection: lastfm_api
2026-04-09 21:23:34,056 - INFO - Saved record to MongoDB collection: lastfm_api
2026-04-09 21:23:34,057 - INFO - Saved record to MongoDB collection: lastfm_api
2026-04-09 21:23:34,057 - INFO - Saved record to MongoDB collection: lastfm_api
2026-04-09 21:23:34,058 - INFO - Saved record to MongoDB collection: lastfm_api
2026-04-09 21:23:34,059 - INFO - Saved record to MongoDB collection: lastfm_api
2026-04-09 21:23:34,060 - INFO - Saved record to MongoDB collection: lastfm_api
2026-04-09 21:23:34,065 - INFO - Saved record to MongoDB collection: lastfm_api
2026-04-09 21:23:34,066 - INFO - Saved record to MongoDB collection: lastfm_api
2026-04-09 21:23:34,067 - INFO - Saved record to MongoDB collection: lastfm_api
2026-04-09 21:23:34,069 - INFO - Saved record to MongoDB collection: lastfm_api
2026-04-09 21:23:34,070 - INFO - Saved record to MongoDB collection: lastfm_api
2026-04-09 21:23:34,071 - INFO - Saved record to MongoDB collection: lastfm_api
2026-04-09 21:23:34,072 - INFO - Saved record to MongoDB collection: lastfm_api
2026-04-09 21:23:34,072 - INFO - Saved record to MongoDB collection: lastfm_api
2026-04-09 21:23:34,073 - INFO - Saved record to MongoDB collection: lastfm_api
2026-04-09 21:23:34,075 - INFO - Saved record to MongoDB collection: lastfm_api
2026-04-09 21:23:34,076 - INFO - Saved record to MongoDB collection: lastfm_api
2026-04-09 21:23:34,078 - INFO - Saved record to MongoDB collection: lastfm_api
2026-04-09 21:23:34,080 - INFO - Saved record to MongoDB collection: lastfm_api
2026-04-09 21:23:34,082 - INFO - Saved record to MongoDB collection: lastfm_api
2026-04-09 21:23:34,085 - INFO - Saved record to MongoDB collection: lastfm_api
2026-04-09 21:23:34,087 - INFO - Saved record to MongoDB collection: lastfm_api
2026-04-09 21:23:34,089 - INFO - Saved record to MongoDB collection: lastfm_api
2026-04-09 21:23:34,090 - INFO - Saved record to MongoDB collection: lastfm_api
2026-04-09 21:23:34,090 - INFO - Saved record to MongoDB collection: lastfm_api
2026-04-09 21:23:34,091 - INFO - Saved record to MongoDB collection: lastfm_api
2026-04-09 21:23:34,093 - INFO - Saved record to MongoDB collection: lastfm_api
2026-04-09 21:23:34,094 - INFO - Saved record to MongoDB collection: lastfm_api
2026-04-09 21:23:34,095 - INFO - Saved record to MongoDB collection: lastfm_api
2026-04-09 21:23:34,098 - INFO - Saved record to MongoDB collection: lastfm_api
2026-04-09 21:23:34,099 - INFO - Saved record to MongoDB collection: lastfm_api
2026-04-09 21:23:34,100 - INFO - Saved record to MongoDB collection: lastfm_api
2026-04-09 21:23:34,101 - INFO - Saved record to MongoDB collection: lastfm_api
2026-04-09 21:23:34,101 - INFO - Saved record to MongoDB collection: lastfm_api
2026-04-09 21:23:34,102 - INFO - Saved record to MongoDB collection: lastfm_api
2026-04-09 21:23:34,103 - INFO - Saved record to MongoDB collection: lastfm_api
2026-04-09 21:23:34,104 - INFO - Saved record to MongoDB collection: lastfm_api
2026-04-09 21:23:34,104 - INFO - Saved record to MongoDB collection: lastfm_api
2026-04-09 21:23:34,105 - INFO - Saved record to MongoDB collection: lastfm_api
2026-04-09 21:23:34,107 - INFO - Saved record to MongoDB collection: lastfm_api
2026-04-09 21:23:34,108 - INFO - Saved record to MongoDB collection: lastfm_api
2026-04-09 21:23:34,109 - INFO - Saved record to MongoDB collection: lastfm_api
2026-04-09 21:23:34,110 - INFO - Saved record to MongoDB collection: lastfm_api
2026-04-09 21:23:34,112 - INFO - Saved record to MongoDB collection: lastfm_api
2026-04-09 21:23:34,114 - INFO - Saved record to MongoDB collection: lastfm_api
2026-04-09 21:23:34,115 - INFO - Saved record to MongoDB collection: lastfm_api
2026-04-09 21:23:34,115 - INFO - Saved 150 parsed API records
2026-04-09 21:23:34,275 - INFO - Started uploading artists_page_1.json to music-pipeline-bucket
2026-04-09 21:23:34,464 - INFO - Successfully uploaded artists_page_1.json to music-pipeline-bucket
2026-04-09 21:23:34,465 - INFO - Extracting PDF: /Users/tarikhamzic/Desktop/coding projects/Unstructured_data_Music_Analysis_project/data/processed/documents/LastFM_Normal.pdf
2026-04-09 21:23:34,513 - INFO - Extracting PDF: /Users/tarikhamzic/Desktop/coding projects/Unstructured_data_Music_Analysis_project/data/processed/documents/LastFM_TwoColumn.pdf
2026-04-09 21:23:34,526 - INFO - Extracting DOCX: /Users/tarikhamzic/Desktop/coding projects/Unstructured_data_Music_Analysis_project/data/processed/documents/LastFM_Normal.docx
2026-04-09 21:23:34,543 - INFO - Extracting XLSX: /Users/tarikhamzic/Desktop/coding projects/Unstructured_data_Music_Analysis_project/data/processed/documents/LastFM_Data.xlsx
2026-04-09 21:23:34,560 - INFO - Extracted 6 document records
2026-04-09 21:23:34,562 - INFO - Saved document extraction: LastFM_Normal.pdf (pdf)
2026-04-09 21:23:34,563 - INFO - Saved document extraction: LastFM_Normal.pdf (pdf)
2026-04-09 21:23:34,564 - INFO - Saved document extraction: LastFM_TwoColumn.pdf (pdf)
2026-04-09 21:23:34,565 - INFO - Saved document extraction: LastFM_Normal.docx (docx)
2026-04-09 21:23:34,566 - INFO - Saved document extraction: LastFM_Data.xlsx (xlsx)
2026-04-09 21:23:34,566 - INFO - Saved document extraction: coldplay_my_universe_review.txt (txt)
2026-04-09 21:23:34,566 - INFO - Saved 6 document extraction records
2026-04-09 21:23:34,576 - INFO - Scraped local HTML samples: 6 records
2026-04-09 21:23:37,621 - INFO - Dynamic JSON endpoint records: 10
2026-04-09 21:23:37,636 - INFO - Saved document extraction: local_page_1.html (scraped)
2026-04-09 21:23:37,637 - INFO - Saved document extraction: local_page_1.html (scraped)
2026-04-09 21:23:37,638 - INFO - Saved document extraction: local_page_2.html (scraped)
2026-04-09 21:23:37,638 - INFO - Saved document extraction: local_page_2.html (scraped)
2026-04-09 21:23:37,638 - INFO - Saved document extraction: local_page_3.html (scraped)
2026-04-09 21:23:37,639 - INFO - Saved document extraction: local_page_3.html (scraped)
2026-04-09 21:23:37,639 - INFO - Saved document extraction: dynamic_endpoint.json (dynamic-json-endpoint)
2026-04-09 21:23:37,640 - INFO - Saved document extraction: dynamic_endpoint.json (dynamic-json-endpoint)
2026-04-09 21:23:37,640 - INFO - Saved document extraction: dynamic_endpoint.json (dynamic-json-endpoint)
2026-04-09 21:23:37,640 - INFO - Saved document extraction: dynamic_endpoint.json (dynamic-json-endpoint)
2026-04-09 21:23:37,641 - INFO - Saved document extraction: dynamic_endpoint.json (dynamic-json-endpoint)
2026-04-09 21:23:37,641 - INFO - Saved document extraction: dynamic_endpoint.json (dynamic-json-endpoint)
2026-04-09 21:23:37,642 - INFO - Saved document extraction: dynamic_endpoint.json (dynamic-json-endpoint)
2026-04-09 21:23:37,642 - INFO - Saved document extraction: dynamic_endpoint.json (dynamic-json-endpoint)
2026-04-09 21:23:37,642 - INFO - Saved document extraction: dynamic_endpoint.json (dynamic-json-endpoint)
2026-04-09 21:23:37,643 - INFO - Saved document extraction: dynamic_endpoint.json (dynamic-json-endpoint)
2026-04-09 21:23:37,643 - INFO - Saved 16 scraped web records
2026-04-09 21:23:38,066 - INFO - OCR image extraction completed
2026-04-09 21:23:38,624 - INFO - OCR scanned PDF extraction completed
2026-04-09 21:23:38,626 - INFO - Saved document extraction: test_scan.png (ocr-image)
2026-04-09 21:23:38,627 - INFO - Saved document extraction: test_scanned.pdf (ocr-pdf)
2026-04-09 21:23:38,627 - INFO - Saved 2 OCR records
2026-04-09 21:23:39,247 - INFO - Downloaded 4 images (max cap: 50)
2026-04-09 21:23:39,437 - INFO - Image batch complete: inputs=4, processed=4, drive_uploads=0
2026-04-09 21:23:39,478 - INFO - Saved image metadata: poster_001.png
2026-04-09 21:23:39,480 - INFO - Saved image metadata: poster_002.png
2026-04-09 21:23:39,481 - INFO - Saved image metadata: poster_003.png
2026-04-09 21:23:39,482 - INFO - Saved image metadata: poster_004.png
2026-04-09 21:23:39,482 - INFO - Saved 4 image metadata records
2026-04-09 21:23:39,482 - INFO - Pipeline finished
2026-04-09 21:35:57,969 - INFO - Downloaded 50 images (max cap: 50)
2026-04-09 22:20:26,398 - INFO - Downloaded 50 images (max cap: 50)
2026-04-09 22:22:12,082 - WARNING - Google Drive upload skipped: CLIENT_SECRET_FILE or FOLDER_ID missing
2026-04-09 22:22:12,083 - INFO - Image batch complete: inputs=50, processed=52, drive_uploads=0
2026-04-09 22:22:12,121 - INFO - Saved image metadata: poster_001.png
2026-04-09 22:22:12,122 - INFO - Saved image metadata: poster_002.png
2026-04-09 22:22:12,123 - INFO - Saved image metadata: poster_003.png
2026-04-09 22:22:12,123 - INFO - Saved image metadata: poster_004.png
2026-04-09 22:22:12,124 - INFO - Saved image metadata: poster_005.jpg
2026-04-09 22:22:12,124 - INFO - Saved image metadata: poster_006.jpg
2026-04-09 22:22:12,124 - INFO - Saved image metadata: poster_007.jpg
2026-04-09 22:22:12,126 - INFO - Saved image metadata: poster_008.jpg
2026-04-09 22:22:12,126 - INFO - Saved image metadata: poster_009.jpg
2026-04-09 22:22:12,127 - INFO - Saved image metadata: poster_010.jpg
2026-04-09 22:22:12,129 - INFO - Saved image metadata: poster_011.jpg
2026-04-09 22:22:12,130 - INFO - Saved image metadata: poster_012.jpg
2026-04-09 22:22:12,130 - INFO - Saved image metadata: poster_013.jpg
2026-04-09 22:22:12,131 - INFO - Saved image metadata: poster_014.jpg
2026-04-09 22:22:12,131 - INFO - Saved image metadata: poster_015.jpg
2026-04-09 22:22:12,132 - INFO - Saved image metadata: poster_016.jpg
2026-04-09 22:22:12,132 - INFO - Saved image metadata: poster_017.jpg
2026-04-09 22:22:12,133 - INFO - Saved image metadata: poster_018.jpg
2026-04-09 22:22:12,133 - INFO - Saved image metadata: poster_019.jpg
2026-04-09 22:22:12,134 - INFO - Saved image metadata: poster_020.jpg
2026-04-09 22:22:12,134 - INFO - Saved image metadata: poster_021.jpg
2026-04-09 22:22:12,134 - INFO - Saved image metadata: poster_022.jpg
2026-04-09 22:22:12,135 - INFO - Saved image metadata: poster_023.jpg
2026-04-09 22:22:12,135 - INFO - Saved image metadata: poster_024.jpg
2026-04-09 22:22:12,135 - INFO - Saved image metadata: poster_025.jpg
2026-04-09 22:22:12,136 - INFO - Saved image metadata: poster_026.jpg
2026-04-09 22:22:12,136 - INFO - Saved image metadata: poster_027.jpg
2026-04-09 22:22:12,137 - INFO - Saved image metadata: poster_028.jpg
2026-04-09 22:22:12,137 - INFO - Saved image metadata: poster_029.jpg
2026-04-09 22:22:12,137 - INFO - Saved image metadata: poster_030.jpg
2026-04-09 22:22:12,138 - INFO - Saved image metadata: poster_031.jpg
2026-04-09 22:22:12,139 - INFO - Saved image metadata: poster_032.jpg
2026-04-09 22:22:12,140 - INFO - Saved image metadata: poster_033.jpg
2026-04-09 22:22:12,140 - INFO - Saved image metadata: poster_034.jpg
2026-04-09 22:22:12,142 - INFO - Saved image metadata: poster_035.jpg
2026-04-09 22:22:12,142 - INFO - Saved image metadata: poster_036.jpg
2026-04-09 22:22:12,143 - INFO - Saved image metadata: poster_037.jpg
2026-04-09 22:22:12,143 - INFO - Saved image metadata: poster_038.jpg
2026-04-09 22:22:12,144 - INFO - Saved image metadata: poster_039.jpg
2026-04-09 22:22:12,146 - INFO - Saved image metadata: poster_040.jpg
2026-04-09 22:22:12,146 - INFO - Saved image metadata: poster_041.jpg
2026-04-09 22:22:12,146 - INFO - Saved image metadata: poster_042.jpg
2026-04-09 22:22:12,146 - INFO - Saved image metadata: poster_043.jpg
2026-04-09 22:22:12,148 - INFO - Saved image metadata: poster_044.jpg
2026-04-09 22:22:12,148 - INFO - Saved image metadata: poster_045.jpg
2026-04-09 22:22:12,149 - INFO - Saved image metadata: poster_046.jpg
2026-04-09 22:22:12,149 - INFO - Saved image metadata: poster_047.jpg
2026-04-09 22:22:12,149 - INFO - Saved image metadata: poster_048.jpg
2026-04-09 22:22:12,150 - INFO - Saved image metadata: poster_049.jpg
2026-04-09 22:22:12,150 - INFO - Saved image metadata: poster_050.jpg
2026-04-09 22:22:12,150 - INFO - Saved image metadata: IMG_2852.jpeg
2026-04-09 22:22:12,151 - INFO - Saved image metadata: IMG_4271.jpeg
2026-04-19 18:04:40,221 - INFO - Downloaded API preview audio: /Users/tarikhamzic/Desktop/coding projects/Unstructured_data_Music_Analysis_project/data/raw/audio/api_preview.m4a
2026-04-19 18:04:40,638 - INFO - Created required audio format: /Users/tarikhamzic/Desktop/coding projects/Unstructured_data_Music_Analysis_project/data/raw/audio/sample_from_api_preview.wav
2026-04-19 18:04:41,015 - INFO - Created required audio format: /Users/tarikhamzic/Desktop/coding projects/Unstructured_data_Music_Analysis_project/data/raw/audio/sample_from_api_preview.mp3
2026-04-19 18:04:41,130 - INFO - Created required audio format: /Users/tarikhamzic/Desktop/coding projects/Unstructured_data_Music_Analysis_project/data/raw/audio/sample_from_api_preview.flac
2026-04-19 18:04:41,207 - INFO - Audio inspection: api_preview.m4a (M4A) 29.98s
2026-04-19 18:04:41,270 - INFO - Audio inspection: sample_from_api_preview.flac (FLAC) 29.98s
2026-04-19 18:04:41,350 - INFO - Audio inspection: sample_from_api_preview.mp3 (MP3) 29.98s
2026-04-19 18:04:41,352 - INFO - Audio inspection: sample_from_api_preview.wav (WAV) 29.98s
2026-04-19 18:04:41,433 - INFO - Exported audio: /Users/tarikhamzic/Desktop/coding projects/Unstructured_data_Music_Analysis_project/data/processed/audio/trimmed_sample.wav
2026-04-19 18:04:41,579 - INFO - Exported audio: /Users/tarikhamzic/Desktop/coding projects/Unstructured_data_Music_Analysis_project/data/processed/audio/concatenated_sample.wav
2026-04-19 18:04:41,691 - INFO - Exported audio: /Users/tarikhamzic/Desktop/coding projects/Unstructured_data_Music_Analysis_project/data/processed/audio/louder_sample.mp3
2026-04-19 18:04:41,839 - INFO - Exported audio: /Users/tarikhamzic/Desktop/coding projects/Unstructured_data_Music_Analysis_project/data/processed/audio/quieter_sample.mp3
2026-04-19 18:04:41,910 - INFO - Exported audio: /Users/tarikhamzic/Desktop/coding projects/Unstructured_data_Music_Analysis_project/data/processed/audio/faded_sample.flac
2026-04-19 18:04:42,019 - INFO - Exported audio: /Users/tarikhamzic/Desktop/coding projects/Unstructured_data_Music_Analysis_project/data/processed/audio/trimmed_converted.mp3
2026-04-19 18:04:42,020 - INFO - Audio processing outputs generated: 6 files
2026-04-19 18:04:43,717 - INFO - HTTP Request: GET https://huggingface.co/api/models/Systran/faster-whisper-base/revision/main "HTTP/1.1 200 OK"
2026-04-19 18:04:44,293 - INFO - HTTP Request: HEAD https://huggingface.co/Systran/faster-whisper-base/resolve/ebe41f70d5b6dfa9166e2c581c45c9c0cfc57b66/config.json "HTTP/1.1 307 Temporary Redirect"
2026-04-19 18:04:44,341 - INFO - HTTP Request: HEAD https://huggingface.co/api/resolve-cache/models/Systran/faster-whisper-base/ebe41f70d5b6dfa9166e2c581c45c9c0cfc57b66/config.json "HTTP/1.1 200 OK"
2026-04-19 18:04:44,397 - INFO - HTTP Request: GET https://huggingface.co/api/resolve-cache/models/Systran/faster-whisper-base/ebe41f70d5b6dfa9166e2c581c45c9c0cfc57b66/config.json "HTTP/1.1 200 OK"
2026-04-19 18:04:44,417 - INFO - HTTP Request: HEAD https://huggingface.co/Systran/faster-whisper-base/resolve/ebe41f70d5b6dfa9166e2c581c45c9c0cfc57b66/vocabulary.txt "HTTP/1.1 307 Temporary Redirect"
2026-04-19 18:04:44,418 - WARNING - Warning: You are sending unauthenticated requests to the HF Hub. Please set a HF_TOKEN to enable higher rate limits and faster downloads.
2026-04-19 18:04:44,419 - INFO - HTTP Request: HEAD https://huggingface.co/Systran/faster-whisper-base/resolve/ebe41f70d5b6dfa9166e2c581c45c9c0cfc57b66/model.bin "HTTP/1.1 302 Found"
2026-04-19 18:04:44,421 - INFO - HTTP Request: HEAD https://huggingface.co/Systran/faster-whisper-base/resolve/ebe41f70d5b6dfa9166e2c581c45c9c0cfc57b66/tokenizer.json "HTTP/1.1 307 Temporary Redirect"
2026-04-19 18:04:44,762 - INFO - HTTP Request: HEAD https://huggingface.co/api/resolve-cache/models/Systran/faster-whisper-base/ebe41f70d5b6dfa9166e2c581c45c9c0cfc57b66/tokenizer.json "HTTP/1.1 200 OK"
2026-04-19 18:04:44,762 - INFO - HTTP Request: HEAD https://huggingface.co/api/resolve-cache/models/Systran/faster-whisper-base/ebe41f70d5b6dfa9166e2c581c45c9c0cfc57b66/vocabulary.txt "HTTP/1.1 200 OK"
2026-04-19 18:04:44,841 - INFO - HTTP Request: GET https://huggingface.co/api/resolve-cache/models/Systran/faster-whisper-base/ebe41f70d5b6dfa9166e2c581c45c9c0cfc57b66/tokenizer.json "HTTP/1.1 200 OK"
2026-04-19 18:04:44,843 - INFO - HTTP Request: GET https://huggingface.co/api/resolve-cache/models/Systran/faster-whisper-base/ebe41f70d5b6dfa9166e2c581c45c9c0cfc57b66/vocabulary.txt "HTTP/1.1 200 OK"
2026-04-19 18:04:44,931 - INFO - HTTP Request: GET https://huggingface.co/api/models/Systran/faster-whisper-base/xet-read-token/ebe41f70d5b6dfa9166e2c581c45c9c0cfc57b66 "HTTP/1.1 200 OK"
2026-04-19 18:05:14,202 - INFO - Loaded faster-whisper model: base (cpu/int8)
2026-04-19 18:05:14,608 - INFO - Processing audio with duration 00:59.951
2026-04-19 18:05:15,670 - INFO - VAD filter removed 00:59.951 of audio
2026-04-19 18:05:15,972 - INFO - Detected language 'en' with probability 0.57
2026-04-19 18:05:15,978 - INFO - Transcribed audio: /Users/tarikhamzic/Desktop/coding projects/Unstructured_data_Music_Analysis_project/data/processed/audio/concatenated_sample.wav (0 segments)
2026-04-19 18:05:15,979 - INFO - Saved transcript outputs for short_concatenated_sample
2026-04-19 18:05:16,061 - INFO - Processing audio with duration 00:59.951
2026-04-19 18:05:16,202 - INFO - VAD filter removed 00:59.951 of audio
2026-04-19 18:05:16,431 - INFO - Detected language 'en' with probability 0.57
2026-04-19 18:05:16,433 - INFO - Chunked transcription progress: 1/1
2026-04-19 18:05:16,433 - INFO - Chunked transcription completed: /Users/tarikhamzic/Desktop/coding projects/Unstructured_data_Music_Analysis_project/data/processed/audio/concatenated_sample.wav (0 segments)
2026-04-19 18:05:30,853 - INFO - Starting pipeline...
2026-04-19 18:05:32,508 - INFO - Fetched 150 artists from API
2026-04-19 18:05:34,517 - ERROR - Failed to insert data: localhost:27017: [Errno 61] Connection refused (configured timeouts: socketTimeoutMS: 20000.0ms, connectTimeoutMS: 20000.0ms), Timeout: 2.0s, Topology Description: <TopologyDescription id: 69e4fd498b4e9aae5f5b38e3, topology_type: Unknown, servers: [<ServerDescription ('localhost', 27017) server_type: Unknown, rtt: None, error=AutoReconnect('localhost:27017: [Errno 61] Connection refused (configured timeouts: socketTimeoutMS: 20000.0ms, connectTimeoutMS: 20000.0ms)')>]>
2026-04-19 18:05:36,531 - ERROR - Failed to insert data: localhost:27017: [Errno 61] Connection refused (configured timeouts: socketTimeoutMS: 20000.0ms, connectTimeoutMS: 20000.0ms), Timeout: 2.0s, Topology Description: <TopologyDescription id: 69e4fd498b4e9aae5f5b38e3, topology_type: Unknown, servers: [<ServerDescription ('localhost', 27017) server_type: Unknown, rtt: None, error=AutoReconnect('localhost:27017: [Errno 61] Connection refused (configured timeouts: socketTimeoutMS: 20000.0ms, connectTimeoutMS: 20000.0ms)')>]>
2026-04-19 18:05:38,558 - ERROR - Failed to insert data: localhost:27017: [Errno 61] Connection refused (configured timeouts: socketTimeoutMS: 20000.0ms, connectTimeoutMS: 20000.0ms), Timeout: 2.0s, Topology Description: <TopologyDescription id: 69e4fd498b4e9aae5f5b38e3, topology_type: Unknown, servers: [<ServerDescription ('localhost', 27017) server_type: Unknown, rtt: None, error=AutoReconnect('localhost:27017: [Errno 61] Connection refused (configured timeouts: socketTimeoutMS: 20000.0ms, connectTimeoutMS: 20000.0ms)')>]>
2026-04-19 18:05:40,576 - ERROR - Failed to insert data: localhost:27017: [Errno 61] Connection refused (configured timeouts: socketTimeoutMS: 20000.0ms, connectTimeoutMS: 20000.0ms), Timeout: 2.0s, Topology Description: <TopologyDescription id: 69e4fd498b4e9aae5f5b38e3, topology_type: Unknown, servers: [<ServerDescription ('localhost', 27017) server_type: Unknown, rtt: None, error=AutoReconnect('localhost:27017: [Errno 61] Connection refused (configured timeouts: socketTimeoutMS: 20000.0ms, connectTimeoutMS: 20000.0ms)')>]>
2026-04-19 18:05:42,592 - ERROR - Failed to insert data: localhost:27017: [Errno 61] Connection refused (configured timeouts: socketTimeoutMS: 20000.0ms, connectTimeoutMS: 20000.0ms), Timeout: 2.0s, Topology Description: <TopologyDescription id: 69e4fd498b4e9aae5f5b38e3, topology_type: Unknown, servers: [<ServerDescription ('localhost', 27017) server_type: Unknown, rtt: None, error=AutoReconnect('localhost:27017: [Errno 61] Connection refused (configured timeouts: socketTimeoutMS: 20000.0ms, connectTimeoutMS: 20000.0ms)')>]>
2026-04-19 18:05:44,615 - ERROR - Failed to insert data: localhost:27017: [Errno 61] Connection refused (configured timeouts: socketTimeoutMS: 20000.0ms, connectTimeoutMS: 20000.0ms), Timeout: 2.0s, Topology Description: <TopologyDescription id: 69e4fd498b4e9aae5f5b38e3, topology_type: Unknown, servers: [<ServerDescription ('localhost', 27017) server_type: Unknown, rtt: None, error=AutoReconnect('localhost:27017: [Errno 61] Connection refused (configured timeouts: socketTimeoutMS: 20000.0ms, connectTimeoutMS: 20000.0ms)')>]>
2026-04-19 18:05:46,633 - ERROR - Failed to insert data: localhost:27017: [Errno 61] Connection refused (configured timeouts: socketTimeoutMS: 20000.0ms, connectTimeoutMS: 20000.0ms), Timeout: 2.0s, Topology Description: <TopologyDescription id: 69e4fd498b4e9aae5f5b38e3, topology_type: Unknown, servers: [<ServerDescription ('localhost', 27017) server_type: Unknown, rtt: None, error=AutoReconnect('localhost:27017: [Errno 61] Connection refused (configured timeouts: socketTimeoutMS: 20000.0ms, connectTimeoutMS: 20000.0ms)')>]>
2026-04-19 18:05:48,646 - ERROR - Failed to insert data: localhost:27017: [Errno 61] Connection refused (configured timeouts: socketTimeoutMS: 20000.0ms, connectTimeoutMS: 20000.0ms), Timeout: 2.0s, Topology Description: <TopologyDescription id: 69e4fd498b4e9aae5f5b38e3, topology_type: Unknown, servers: [<ServerDescription ('localhost', 27017) server_type: Unknown, rtt: None, error=AutoReconnect('localhost:27017: [Errno 61] Connection refused (configured timeouts: socketTimeoutMS: 20000.0ms, connectTimeoutMS: 20000.0ms)')>]>
2026-04-19 18:05:50,662 - ERROR - Failed to insert data: localhost:27017: [Errno 61] Connection refused (configured timeouts: socketTimeoutMS: 20000.0ms, connectTimeoutMS: 20000.0ms), Timeout: 2.0s, Topology Description: <TopologyDescription id: 69e4fd498b4e9aae5f5b38e3, topology_type: Unknown, servers: [<ServerDescription ('localhost', 27017) server_type: Unknown, rtt: None, error=AutoReconnect('localhost:27017: [Errno 61] Connection refused (configured timeouts: socketTimeoutMS: 20000.0ms, connectTimeoutMS: 20000.0ms)')>]>
2026-04-19 18:05:52,677 - ERROR - Failed to insert data: localhost:27017: [Errno 61] Connection refused (configured timeouts: socketTimeoutMS: 20000.0ms, connectTimeoutMS: 20000.0ms), Timeout: 2.0s, Topology Description: <TopologyDescription id: 69e4fd498b4e9aae5f5b38e3, topology_type: Unknown, servers: [<ServerDescription ('localhost', 27017) server_type: Unknown, rtt: None, error=AutoReconnect('localhost:27017: [Errno 61] Connection refused (configured timeouts: socketTimeoutMS: 20000.0ms, connectTimeoutMS: 20000.0ms)')>]>
2026-04-19 18:05:54,693 - ERROR - Failed to insert data: localhost:27017: [Errno 61] Connection refused (configured timeouts: socketTimeoutMS: 20000.0ms, connectTimeoutMS: 20000.0ms), Timeout: 2.0s, Topology Description: <TopologyDescription id: 69e4fd498b4e9aae5f5b38e3, topology_type: Unknown, servers: [<ServerDescription ('localhost', 27017) server_type: Unknown, rtt: None, error=AutoReconnect('localhost:27017: [Errno 61] Connection refused (configured timeouts: socketTimeoutMS: 20000.0ms, connectTimeoutMS: 20000.0ms)')>]>
2026-04-19 18:05:56,711 - ERROR - Failed to insert data: localhost:27017: [Errno 61] Connection refused (configured timeouts: socketTimeoutMS: 20000.0ms, connectTimeoutMS: 20000.0ms), Timeout: 2.0s, Topology Description: <TopologyDescription id: 69e4fd498b4e9aae5f5b38e3, topology_type: Unknown, servers: [<ServerDescription ('localhost', 27017) server_type: Unknown, rtt: None, error=AutoReconnect('localhost:27017: [Errno 61] Connection refused (configured timeouts: socketTimeoutMS: 20000.0ms, connectTimeoutMS: 20000.0ms)')>]>
2026-04-19 18:05:58,726 - ERROR - Failed to insert data: localhost:27017: [Errno 61] Connection refused (configured timeouts: socketTimeoutMS: 20000.0ms, connectTimeoutMS: 20000.0ms), Timeout: 2.0s, Topology Description: <TopologyDescription id: 69e4fd498b4e9aae5f5b38e3, topology_type: Unknown, servers: [<ServerDescription ('localhost', 27017) server_type: Unknown, rtt: None, error=AutoReconnect('localhost:27017: [Errno 61] Connection refused (configured timeouts: socketTimeoutMS: 20000.0ms, connectTimeoutMS: 20000.0ms)')>]>
2026-04-19 18:06:00,739 - ERROR - Failed to insert data: localhost:27017: [Errno 61] Connection refused (configured timeouts: socketTimeoutMS: 20000.0ms, connectTimeoutMS: 20000.0ms), Timeout: 2.0s, Topology Description: <TopologyDescription id: 69e4fd498b4e9aae5f5b38e3, topology_type: Unknown, servers: [<ServerDescription ('localhost', 27017) server_type: Unknown, rtt: None, error=AutoReconnect('localhost:27017: [Errno 61] Connection refused (configured timeouts: socketTimeoutMS: 20000.0ms, connectTimeoutMS: 20000.0ms)')>]>
2026-04-19 18:06:02,760 - ERROR - Failed to insert data: localhost:27017: [Errno 61] Connection refused (configured timeouts: socketTimeoutMS: 20000.0ms, connectTimeoutMS: 20000.0ms), Timeout: 2.0s, Topology Description: <TopologyDescription id: 69e4fd498b4e9aae5f5b38e3, topology_type: Unknown, servers: [<ServerDescription ('localhost', 27017) server_type: Unknown, rtt: None, error=AutoReconnect('localhost:27017: [Errno 61] Connection refused (configured timeouts: socketTimeoutMS: 20000.0ms, connectTimeoutMS: 20000.0ms)')>]>
2026-04-19 18:06:04,774 - ERROR - Failed to insert data: localhost:27017: [Errno 61] Connection refused (configured timeouts: socketTimeoutMS: 20000.0ms, connectTimeoutMS: 20000.0ms), Timeout: 2.0s, Topology Description: <TopologyDescription id: 69e4fd498b4e9aae5f5b38e3, topology_type: Unknown, servers: [<ServerDescription ('localhost', 27017) server_type: Unknown, rtt: None, error=AutoReconnect('localhost:27017: [Errno 61] Connection refused (configured timeouts: socketTimeoutMS: 20000.0ms, connectTimeoutMS: 20000.0ms)')>]>
2026-04-19 18:06:06,788 - ERROR - Failed to insert data: localhost:27017: [Errno 61] Connection refused (configured timeouts: socketTimeoutMS: 20000.0ms, connectTimeoutMS: 20000.0ms), Timeout: 2.0s, Topology Description: <TopologyDescription id: 69e4fd498b4e9aae5f5b38e3, topology_type: Unknown, servers: [<ServerDescription ('localhost', 27017) server_type: Unknown, rtt: None, error=AutoReconnect('localhost:27017: [Errno 61] Connection refused (configured timeouts: socketTimeoutMS: 20000.0ms, connectTimeoutMS: 20000.0ms)')>]>
2026-04-19 18:06:08,809 - ERROR - Failed to insert data: localhost:27017: [Errno 61] Connection refused (configured timeouts: socketTimeoutMS: 20000.0ms, connectTimeoutMS: 20000.0ms), Timeout: 2.0s, Topology Description: <TopologyDescription id: 69e4fd498b4e9aae5f5b38e3, topology_type: Unknown, servers: [<ServerDescription ('localhost', 27017) server_type: Unknown, rtt: None, error=AutoReconnect('localhost:27017: [Errno 61] Connection refused (configured timeouts: socketTimeoutMS: 20000.0ms, connectTimeoutMS: 20000.0ms)')>]>
2026-04-19 18:06:10,821 - ERROR - Failed to insert data: localhost:27017: [Errno 61] Connection refused (configured timeouts: socketTimeoutMS: 20000.0ms, connectTimeoutMS: 20000.0ms), Timeout: 2.0s, Topology Description: <TopologyDescription id: 69e4fd498b4e9aae5f5b38e3, topology_type: Unknown, servers: [<ServerDescription ('localhost', 27017) server_type: Unknown, rtt: None, error=AutoReconnect('localhost:27017: [Errno 61] Connection refused (configured timeouts: socketTimeoutMS: 20000.0ms, connectTimeoutMS: 20000.0ms)')>]>
2026-04-19 18:06:12,846 - ERROR - Failed to insert data: localhost:27017: [Errno 61] Connection refused (configured timeouts: socketTimeoutMS: 20000.0ms, connectTimeoutMS: 20000.0ms), Timeout: 2.0s, Topology Description: <TopologyDescription id: 69e4fd498b4e9aae5f5b38e3, topology_type: Unknown, servers: [<ServerDescription ('localhost', 27017) server_type: Unknown, rtt: None, error=AutoReconnect('localhost:27017: [Errno 61] Connection refused (configured timeouts: socketTimeoutMS: 20000.0ms, connectTimeoutMS: 20000.0ms)')>]>
2026-04-19 18:06:14,870 - ERROR - Failed to insert data: localhost:27017: [Errno 61] Connection refused (configured timeouts: socketTimeoutMS: 20000.0ms, connectTimeoutMS: 20000.0ms), Timeout: 2.0s, Topology Description: <TopologyDescription id: 69e4fd498b4e9aae5f5b38e3, topology_type: Unknown, servers: [<ServerDescription ('localhost', 27017) server_type: Unknown, rtt: None, error=AutoReconnect('localhost:27017: [Errno 61] Connection refused (configured timeouts: socketTimeoutMS: 20000.0ms, connectTimeoutMS: 20000.0ms)')>]>
2026-04-19 18:06:16,887 - ERROR - Failed to insert data: localhost:27017: [Errno 61] Connection refused (configured timeouts: socketTimeoutMS: 20000.0ms, connectTimeoutMS: 20000.0ms), Timeout: 2.0s, Topology Description: <TopologyDescription id: 69e4fd498b4e9aae5f5b38e3, topology_type: Unknown, servers: [<ServerDescription ('localhost', 27017) server_type: Unknown, rtt: None, error=AutoReconnect('localhost:27017: [Errno 61] Connection refused (configured timeouts: socketTimeoutMS: 20000.0ms, connectTimeoutMS: 20000.0ms)')>]>
2026-04-19 18:06:18,909 - ERROR - Failed to insert data: localhost:27017: [Errno 61] Connection refused (configured timeouts: socketTimeoutMS: 20000.0ms, connectTimeoutMS: 20000.0ms), Timeout: 2.0s, Topology Description: <TopologyDescription id: 69e4fd498b4e9aae5f5b38e3, topology_type: Unknown, servers: [<ServerDescription ('localhost', 27017) server_type: Unknown, rtt: None, error=AutoReconnect('localhost:27017: [Errno 61] Connection refused (configured timeouts: socketTimeoutMS: 20000.0ms, connectTimeoutMS: 20000.0ms)')>]>
2026-04-19 18:06:20,924 - ERROR - Failed to insert data: localhost:27017: [Errno 61] Connection refused (configured timeouts: socketTimeoutMS: 20000.0ms, connectTimeoutMS: 20000.0ms), Timeout: 2.0s, Topology Description: <TopologyDescription id: 69e4fd498b4e9aae5f5b38e3, topology_type: Unknown, servers: [<ServerDescription ('localhost', 27017) server_type: Unknown, rtt: None, error=AutoReconnect('localhost:27017: [Errno 61] Connection refused (configured timeouts: socketTimeoutMS: 20000.0ms, connectTimeoutMS: 20000.0ms)')>]>
2026-04-19 18:06:22,941 - ERROR - Failed to insert data: localhost:27017: [Errno 61] Connection refused (configured timeouts: socketTimeoutMS: 20000.0ms, connectTimeoutMS: 20000.0ms), Timeout: 2.0s, Topology Description: <TopologyDescription id: 69e4fd498b4e9aae5f5b38e3, topology_type: Unknown, servers: [<ServerDescription ('localhost', 27017) server_type: Unknown, rtt: None, error=AutoReconnect('localhost:27017: [Errno 61] Connection refused (configured timeouts: socketTimeoutMS: 20000.0ms, connectTimeoutMS: 20000.0ms)')>]>
2026-04-19 18:06:24,956 - ERROR - Failed to insert data: localhost:27017: [Errno 61] Connection refused (configured timeouts: socketTimeoutMS: 20000.0ms, connectTimeoutMS: 20000.0ms), Timeout: 2.0s, Topology Description: <TopologyDescription id: 69e4fd498b4e9aae5f5b38e3, topology_type: Unknown, servers: [<ServerDescription ('localhost', 27017) server_type: Unknown, rtt: None, error=AutoReconnect('localhost:27017: [Errno 61] Connection refused (configured timeouts: socketTimeoutMS: 20000.0ms, connectTimeoutMS: 20000.0ms)')>]>
2026-04-19 18:06:26,965 - ERROR - Failed to insert data: localhost:27017: [Errno 61] Connection refused (configured timeouts: socketTimeoutMS: 20000.0ms, connectTimeoutMS: 20000.0ms), Timeout: 2.0s, Topology Description: <TopologyDescription id: 69e4fd498b4e9aae5f5b38e3, topology_type: Unknown, servers: [<ServerDescription ('localhost', 27017) server_type: Unknown, rtt: None, error=AutoReconnect('localhost:27017: [Errno 61] Connection refused (configured timeouts: socketTimeoutMS: 20000.0ms, connectTimeoutMS: 20000.0ms)')>]>
2026-04-19 18:06:28,985 - ERROR - Failed to insert data: localhost:27017: [Errno 61] Connection refused (configured timeouts: socketTimeoutMS: 20000.0ms, connectTimeoutMS: 20000.0ms), Timeout: 2.0s, Topology Description: <TopologyDescription id: 69e4fd498b4e9aae5f5b38e3, topology_type: Unknown, servers: [<ServerDescription ('localhost', 27017) server_type: Unknown, rtt: None, error=AutoReconnect('localhost:27017: [Errno 61] Connection refused (configured timeouts: socketTimeoutMS: 20000.0ms, connectTimeoutMS: 20000.0ms)')>]>
2026-04-19 18:06:31,008 - ERROR - Failed to insert data: localhost:27017: [Errno 61] Connection refused (configured timeouts: socketTimeoutMS: 20000.0ms, connectTimeoutMS: 20000.0ms), Timeout: 2.0s, Topology Description: <TopologyDescription id: 69e4fd498b4e9aae5f5b38e3, topology_type: Unknown, servers: [<ServerDescription ('localhost', 27017) server_type: Unknown, rtt: None, error=AutoReconnect('localhost:27017: [Errno 61] Connection refused (configured timeouts: socketTimeoutMS: 20000.0ms, connectTimeoutMS: 20000.0ms)')>]>
2026-04-19 18:06:33,024 - ERROR - Failed to insert data: localhost:27017: [Errno 61] Connection refused (configured timeouts: socketTimeoutMS: 20000.0ms, connectTimeoutMS: 20000.0ms), Timeout: 2.0s, Topology Description: <TopologyDescription id: 69e4fd498b4e9aae5f5b38e3, topology_type: Unknown, servers: [<ServerDescription ('localhost', 27017) server_type: Unknown, rtt: None, error=AutoReconnect('localhost:27017: [Errno 61] Connection refused (configured timeouts: socketTimeoutMS: 20000.0ms, connectTimeoutMS: 20000.0ms)')>]>
2026-04-19 18:06:35,045 - ERROR - Failed to insert data: localhost:27017: [Errno 61] Connection refused (configured timeouts: socketTimeoutMS: 20000.0ms, connectTimeoutMS: 20000.0ms), Timeout: 2.0s, Topology Description: <TopologyDescription id: 69e4fd498b4e9aae5f5b38e3, topology_type: Unknown, servers: [<ServerDescription ('localhost', 27017) server_type: Unknown, rtt: None, error=AutoReconnect('localhost:27017: [Errno 61] Connection refused (configured timeouts: socketTimeoutMS: 20000.0ms, connectTimeoutMS: 20000.0ms)')>]>
2026-04-19 18:06:37,063 - ERROR - Failed to insert data: localhost:27017: [Errno 61] Connection refused (configured timeouts: socketTimeoutMS: 20000.0ms, connectTimeoutMS: 20000.0ms), Timeout: 2.0s, Topology Description: <TopologyDescription id: 69e4fd498b4e9aae5f5b38e3, topology_type: Unknown, servers: [<ServerDescription ('localhost', 27017) server_type: Unknown, rtt: None, error=AutoReconnect('localhost:27017: [Errno 61] Connection refused (configured timeouts: socketTimeoutMS: 20000.0ms, connectTimeoutMS: 20000.0ms)')>]>
2026-04-19 18:06:39,083 - ERROR - Failed to insert data: localhost:27017: [Errno 61] Connection refused (configured timeouts: socketTimeoutMS: 20000.0ms, connectTimeoutMS: 20000.0ms), Timeout: 2.0s, Topology Description: <TopologyDescription id: 69e4fd498b4e9aae5f5b38e3, topology_type: Unknown, servers: [<ServerDescription ('localhost', 27017) server_type: Unknown, rtt: None, error=AutoReconnect('localhost:27017: [Errno 61] Connection refused (configured timeouts: socketTimeoutMS: 20000.0ms, connectTimeoutMS: 20000.0ms)')>]>
2026-04-19 18:06:41,100 - ERROR - Failed to insert data: localhost:27017: [Errno 61] Connection refused (configured timeouts: socketTimeoutMS: 20000.0ms, connectTimeoutMS: 20000.0ms), Timeout: 2.0s, Topology Description: <TopologyDescription id: 69e4fd498b4e9aae5f5b38e3, topology_type: Unknown, servers: [<ServerDescription ('localhost', 27017) server_type: Unknown, rtt: None, error=AutoReconnect('localhost:27017: [Errno 61] Connection refused (configured timeouts: socketTimeoutMS: 20000.0ms, connectTimeoutMS: 20000.0ms)')>]>
2026-04-19 18:06:43,114 - ERROR - Failed to insert data: localhost:27017: [Errno 61] Connection refused (configured timeouts: socketTimeoutMS: 20000.0ms, connectTimeoutMS: 20000.0ms), Timeout: 2.0s, Topology Description: <TopologyDescription id: 69e4fd498b4e9aae5f5b38e3, topology_type: Unknown, servers: [<ServerDescription ('localhost', 27017) server_type: Unknown, rtt: None, error=AutoReconnect('localhost:27017: [Errno 61] Connection refused (configured timeouts: socketTimeoutMS: 20000.0ms, connectTimeoutMS: 20000.0ms)')>]>
2026-04-19 18:06:45,130 - ERROR - Failed to insert data: localhost:27017: [Errno 61] Connection refused (configured timeouts: socketTimeoutMS: 20000.0ms, connectTimeoutMS: 20000.0ms), Timeout: 2.0s, Topology Description: <TopologyDescription id: 69e4fd498b4e9aae5f5b38e3, topology_type: Unknown, servers: [<ServerDescription ('localhost', 27017) server_type: Unknown, rtt: None, error=AutoReconnect('localhost:27017: [Errno 61] Connection refused (configured timeouts: socketTimeoutMS: 20000.0ms, connectTimeoutMS: 20000.0ms)')>]>
2026-04-19 18:06:47,152 - ERROR - Failed to insert data: localhost:27017: [Errno 61] Connection refused (configured timeouts: socketTimeoutMS: 20000.0ms, connectTimeoutMS: 20000.0ms), Timeout: 2.0s, Topology Description: <TopologyDescription id: 69e4fd498b4e9aae5f5b38e3, topology_type: Unknown, servers: [<ServerDescription ('localhost', 27017) server_type: Unknown, rtt: None, error=AutoReconnect('localhost:27017: [Errno 61] Connection refused (configured timeouts: socketTimeoutMS: 20000.0ms, connectTimeoutMS: 20000.0ms)')>]>
2026-04-19 18:06:49,172 - ERROR - Failed to insert data: localhost:27017: [Errno 61] Connection refused (configured timeouts: socketTimeoutMS: 20000.0ms, connectTimeoutMS: 20000.0ms), Timeout: 2.0s, Topology Description: <TopologyDescription id: 69e4fd498b4e9aae5f5b38e3, topology_type: Unknown, servers: [<ServerDescription ('localhost', 27017) server_type: Unknown, rtt: None, error=AutoReconnect('localhost:27017: [Errno 61] Connection refused (configured timeouts: socketTimeoutMS: 20000.0ms, connectTimeoutMS: 20000.0ms)')>]>
2026-04-19 18:06:51,189 - ERROR - Failed to insert data: localhost:27017: [Errno 61] Connection refused (configured timeouts: socketTimeoutMS: 20000.0ms, connectTimeoutMS: 20000.0ms), Timeout: 2.0s, Topology Description: <TopologyDescription id: 69e4fd498b4e9aae5f5b38e3, topology_type: Unknown, servers: [<ServerDescription ('localhost', 27017) server_type: Unknown, rtt: None, error=AutoReconnect('localhost:27017: [Errno 61] Connection refused (configured timeouts: socketTimeoutMS: 20000.0ms, connectTimeoutMS: 20000.0ms)')>]>
2026-04-19 18:06:53,211 - ERROR - Failed to insert data: localhost:27017: [Errno 61] Connection refused (configured timeouts: socketTimeoutMS: 20000.0ms, connectTimeoutMS: 20000.0ms), Timeout: 2.0s, Topology Description: <TopologyDescription id: 69e4fd498b4e9aae5f5b38e3, topology_type: Unknown, servers: [<ServerDescription ('localhost', 27017) server_type: Unknown, rtt: None, error=AutoReconnect('localhost:27017: [Errno 61] Connection refused (configured timeouts: socketTimeoutMS: 20000.0ms, connectTimeoutMS: 20000.0ms)')>]>
2026-04-19 18:06:55,228 - ERROR - Failed to insert data: localhost:27017: [Errno 61] Connection refused (configured timeouts: socketTimeoutMS: 20000.0ms, connectTimeoutMS: 20000.0ms), Timeout: 2.0s, Topology Description: <TopologyDescription id: 69e4fd498b4e9aae5f5b38e3, topology_type: Unknown, servers: [<ServerDescription ('localhost', 27017) server_type: Unknown, rtt: None, error=AutoReconnect('localhost:27017: [Errno 61] Connection refused (configured timeouts: socketTimeoutMS: 20000.0ms, connectTimeoutMS: 20000.0ms)')>]>
2026-04-19 18:06:57,252 - ERROR - Failed to insert data: localhost:27017: [Errno 61] Connection refused (configured timeouts: socketTimeoutMS: 20000.0ms, connectTimeoutMS: 20000.0ms), Timeout: 2.0s, Topology Description: <TopologyDescription id: 69e4fd498b4e9aae5f5b38e3, topology_type: Unknown, servers: [<ServerDescription ('localhost', 27017) server_type: Unknown, rtt: None, error=AutoReconnect('localhost:27017: [Errno 61] Connection refused (configured timeouts: socketTimeoutMS: 20000.0ms, connectTimeoutMS: 20000.0ms)')>]>
2026-04-19 18:06:59,273 - ERROR - Failed to insert data: localhost:27017: [Errno 61] Connection refused (configured timeouts: socketTimeoutMS: 20000.0ms, connectTimeoutMS: 20000.0ms), Timeout: 2.0s, Topology Description: <TopologyDescription id: 69e4fd498b4e9aae5f5b38e3, topology_type: Unknown, servers: [<ServerDescription ('localhost', 27017) server_type: Unknown, rtt: None, error=AutoReconnect('localhost:27017: [Errno 61] Connection refused (configured timeouts: socketTimeoutMS: 20000.0ms, connectTimeoutMS: 20000.0ms)')>]>
2026-04-19 18:07:01,293 - ERROR - Failed to insert data: localhost:27017: [Errno 61] Connection refused (configured timeouts: socketTimeoutMS: 20000.0ms, connectTimeoutMS: 20000.0ms), Timeout: 2.0s, Topology Description: <TopologyDescription id: 69e4fd498b4e9aae5f5b38e3, topology_type: Unknown, servers: [<ServerDescription ('localhost', 27017) server_type: Unknown, rtt: None, error=AutoReconnect('localhost:27017: [Errno 61] Connection refused (configured timeouts: socketTimeoutMS: 20000.0ms, connectTimeoutMS: 20000.0ms)')>]>
2026-04-19 18:07:03,310 - ERROR - Failed to insert data: localhost:27017: [Errno 61] Connection refused (configured timeouts: socketTimeoutMS: 20000.0ms, connectTimeoutMS: 20000.0ms), Timeout: 2.0s, Topology Description: <TopologyDescription id: 69e4fd498b4e9aae5f5b38e3, topology_type: Unknown, servers: [<ServerDescription ('localhost', 27017) server_type: Unknown, rtt: None, error=AutoReconnect('localhost:27017: [Errno 61] Connection refused (configured timeouts: socketTimeoutMS: 20000.0ms, connectTimeoutMS: 20000.0ms)')>]>
2026-04-19 18:07:05,325 - ERROR - Failed to insert data: localhost:27017: [Errno 61] Connection refused (configured timeouts: socketTimeoutMS: 20000.0ms, connectTimeoutMS: 20000.0ms), Timeout: 2.0s, Topology Description: <TopologyDescription id: 69e4fd498b4e9aae5f5b38e3, topology_type: Unknown, servers: [<ServerDescription ('localhost', 27017) server_type: Unknown, rtt: None, error=AutoReconnect('localhost:27017: [Errno 61] Connection refused (configured timeouts: socketTimeoutMS: 20000.0ms, connectTimeoutMS: 20000.0ms)')>]>
2026-04-19 18:07:07,339 - ERROR - Failed to insert data: localhost:27017: [Errno 61] Connection refused (configured timeouts: socketTimeoutMS: 20000.0ms, connectTimeoutMS: 20000.0ms), Timeout: 2.0s, Topology Description: <TopologyDescription id: 69e4fd498b4e9aae5f5b38e3, topology_type: Unknown, servers: [<ServerDescription ('localhost', 27017) server_type: Unknown, rtt: None, error=AutoReconnect('localhost:27017: [Errno 61] Connection refused (configured timeouts: socketTimeoutMS: 20000.0ms, connectTimeoutMS: 20000.0ms)')>]>
2026-04-19 18:07:09,361 - ERROR - Failed to insert data: localhost:27017: [Errno 61] Connection refused (configured timeouts: socketTimeoutMS: 20000.0ms, connectTimeoutMS: 20000.0ms), Timeout: 2.0s, Topology Description: <TopologyDescription id: 69e4fd498b4e9aae5f5b38e3, topology_type: Unknown, servers: [<ServerDescription ('localhost', 27017) server_type: Unknown, rtt: None, error=AutoReconnect('localhost:27017: [Errno 61] Connection refused (configured timeouts: socketTimeoutMS: 20000.0ms, connectTimeoutMS: 20000.0ms)')>]>
2026-04-19 18:07:11,377 - ERROR - Failed to insert data: localhost:27017: [Errno 61] Connection refused (configured timeouts: socketTimeoutMS: 20000.0ms, connectTimeoutMS: 20000.0ms), Timeout: 2.0s, Topology Description: <TopologyDescription id: 69e4fd498b4e9aae5f5b38e3, topology_type: Unknown, servers: [<ServerDescription ('localhost', 27017) server_type: Unknown, rtt: None, error=AutoReconnect('localhost:27017: [Errno 61] Connection refused (configured timeouts: socketTimeoutMS: 20000.0ms, connectTimeoutMS: 20000.0ms)')>]>
2026-04-19 18:07:13,394 - ERROR - Failed to insert data: localhost:27017: [Errno 61] Connection refused (configured timeouts: socketTimeoutMS: 20000.0ms, connectTimeoutMS: 20000.0ms), Timeout: 2.0s, Topology Description: <TopologyDescription id: 69e4fd498b4e9aae5f5b38e3, topology_type: Unknown, servers: [<ServerDescription ('localhost', 27017) server_type: Unknown, rtt: None, error=AutoReconnect('localhost:27017: [Errno 61] Connection refused (configured timeouts: socketTimeoutMS: 20000.0ms, connectTimeoutMS: 20000.0ms)')>]>
2026-04-19 18:07:15,415 - ERROR - Failed to insert data: localhost:27017: [Errno 61] Connection refused (configured timeouts: socketTimeoutMS: 20000.0ms, connectTimeoutMS: 20000.0ms), Timeout: 2.0s, Topology Description: <TopologyDescription id: 69e4fd498b4e9aae5f5b38e3, topology_type: Unknown, servers: [<ServerDescription ('localhost', 27017) server_type: Unknown, rtt: None, error=AutoReconnect('localhost:27017: [Errno 61] Connection refused (configured timeouts: socketTimeoutMS: 20000.0ms, connectTimeoutMS: 20000.0ms)')>]>
2026-04-19 18:07:17,435 - ERROR - Failed to insert data: localhost:27017: [Errno 61] Connection refused (configured timeouts: socketTimeoutMS: 20000.0ms, connectTimeoutMS: 20000.0ms), Timeout: 2.0s, Topology Description: <TopologyDescription id: 69e4fd498b4e9aae5f5b38e3, topology_type: Unknown, servers: [<ServerDescription ('localhost', 27017) server_type: Unknown, rtt: None, error=AutoReconnect('localhost:27017: [Errno 61] Connection refused (configured timeouts: socketTimeoutMS: 20000.0ms, connectTimeoutMS: 20000.0ms)')>]>
2026-04-19 18:07:19,460 - ERROR - Failed to insert data: localhost:27017: [Errno 61] Connection refused (configured timeouts: socketTimeoutMS: 20000.0ms, connectTimeoutMS: 20000.0ms), Timeout: 2.0s, Topology Description: <TopologyDescription id: 69e4fd498b4e9aae5f5b38e3, topology_type: Unknown, servers: [<ServerDescription ('localhost', 27017) server_type: Unknown, rtt: None, error=AutoReconnect('localhost:27017: [Errno 61] Connection refused (configured timeouts: socketTimeoutMS: 20000.0ms, connectTimeoutMS: 20000.0ms)')>]>
2026-04-19 18:07:21,477 - ERROR - Failed to insert data: localhost:27017: [Errno 61] Connection refused (configured timeouts: socketTimeoutMS: 20000.0ms, connectTimeoutMS: 20000.0ms), Timeout: 2.0s, Topology Description: <TopologyDescription id: 69e4fd498b4e9aae5f5b38e3, topology_type: Unknown, servers: [<ServerDescription ('localhost', 27017) server_type: Unknown, rtt: None, error=AutoReconnect('localhost:27017: [Errno 61] Connection refused (configured timeouts: socketTimeoutMS: 20000.0ms, connectTimeoutMS: 20000.0ms)')>]>
2026-04-19 18:07:23,495 - ERROR - Failed to insert data: localhost:27017: [Errno 61] Connection refused (configured timeouts: socketTimeoutMS: 20000.0ms, connectTimeoutMS: 20000.0ms), Timeout: 2.0s, Topology Description: <TopologyDescription id: 69e4fd498b4e9aae5f5b38e3, topology_type: Unknown, servers: [<ServerDescription ('localhost', 27017) server_type: Unknown, rtt: None, error=AutoReconnect('localhost:27017: [Errno 61] Connection refused (configured timeouts: socketTimeoutMS: 20000.0ms, connectTimeoutMS: 20000.0ms)')>]>
2026-04-19 18:07:25,518 - ERROR - Failed to insert data: localhost:27017: [Errno 61] Connection refused (configured timeouts: socketTimeoutMS: 20000.0ms, connectTimeoutMS: 20000.0ms), Timeout: 2.0s, Topology Description: <TopologyDescription id: 69e4fd498b4e9aae5f5b38e3, topology_type: Unknown, servers: [<ServerDescription ('localhost', 27017) server_type: Unknown, rtt: None, error=AutoReconnect('localhost:27017: [Errno 61] Connection refused (configured timeouts: socketTimeoutMS: 20000.0ms, connectTimeoutMS: 20000.0ms)')>]>
2026-04-19 18:07:27,536 - ERROR - Failed to insert data: localhost:27017: [Errno 61] Connection refused (configured timeouts: socketTimeoutMS: 20000.0ms, connectTimeoutMS: 20000.0ms), Timeout: 2.0s, Topology Description: <TopologyDescription id: 69e4fd498b4e9aae5f5b38e3, topology_type: Unknown, servers: [<ServerDescription ('localhost', 27017) server_type: Unknown, rtt: None, error=AutoReconnect('localhost:27017: [Errno 61] Connection refused (configured timeouts: socketTimeoutMS: 20000.0ms, connectTimeoutMS: 20000.0ms)')>]>
2026-04-19 18:07:29,550 - ERROR - Failed to insert data: localhost:27017: [Errno 61] Connection refused (configured timeouts: socketTimeoutMS: 20000.0ms, connectTimeoutMS: 20000.0ms), Timeout: 2.0s, Topology Description: <TopologyDescription id: 69e4fd498b4e9aae5f5b38e3, topology_type: Unknown, servers: [<ServerDescription ('localhost', 27017) server_type: Unknown, rtt: None, error=AutoReconnect('localhost:27017: [Errno 61] Connection refused (configured timeouts: socketTimeoutMS: 20000.0ms, connectTimeoutMS: 20000.0ms)')>]>
2026-04-19 18:07:31,571 - ERROR - Failed to insert data: localhost:27017: [Errno 61] Connection refused (configured timeouts: socketTimeoutMS: 20000.0ms, connectTimeoutMS: 20000.0ms), Timeout: 2.0s, Topology Description: <TopologyDescription id: 69e4fd498b4e9aae5f5b38e3, topology_type: Unknown, servers: [<ServerDescription ('localhost', 27017) server_type: Unknown, rtt: None, error=AutoReconnect('localhost:27017: [Errno 61] Connection refused (configured timeouts: socketTimeoutMS: 20000.0ms, connectTimeoutMS: 20000.0ms)')>]>
2026-04-19 18:07:33,587 - ERROR - Failed to insert data: localhost:27017: [Errno 61] Connection refused (configured timeouts: socketTimeoutMS: 20000.0ms, connectTimeoutMS: 20000.0ms), Timeout: 2.0s, Topology Description: <TopologyDescription id: 69e4fd498b4e9aae5f5b38e3, topology_type: Unknown, servers: [<ServerDescription ('localhost', 27017) server_type: Unknown, rtt: None, error=AutoReconnect('localhost:27017: [Errno 61] Connection refused (configured timeouts: socketTimeoutMS: 20000.0ms, connectTimeoutMS: 20000.0ms)')>]>
2026-04-19 18:07:35,604 - ERROR - Failed to insert data: localhost:27017: [Errno 61] Connection refused (configured timeouts: socketTimeoutMS: 20000.0ms, connectTimeoutMS: 20000.0ms), Timeout: 2.0s, Topology Description: <TopologyDescription id: 69e4fd498b4e9aae5f5b38e3, topology_type: Unknown, servers: [<ServerDescription ('localhost', 27017) server_type: Unknown, rtt: None, error=AutoReconnect('localhost:27017: [Errno 61] Connection refused (configured timeouts: socketTimeoutMS: 20000.0ms, connectTimeoutMS: 20000.0ms)')>]>
2026-04-19 18:07:37,620 - ERROR - Failed to insert data: localhost:27017: [Errno 61] Connection refused (configured timeouts: socketTimeoutMS: 20000.0ms, connectTimeoutMS: 20000.0ms), Timeout: 2.0s, Topology Description: <TopologyDescription id: 69e4fd498b4e9aae5f5b38e3, topology_type: Unknown, servers: [<ServerDescription ('localhost', 27017) server_type: Unknown, rtt: None, error=AutoReconnect('localhost:27017: [Errno 61] Connection refused (configured timeouts: socketTimeoutMS: 20000.0ms, connectTimeoutMS: 20000.0ms)')>]>
2026-04-19 18:07:39,638 - ERROR - Failed to insert data: localhost:27017: [Errno 61] Connection refused (configured timeouts: socketTimeoutMS: 20000.0ms, connectTimeoutMS: 20000.0ms), Timeout: 2.0s, Topology Description: <TopologyDescription id: 69e4fd498b4e9aae5f5b38e3, topology_type: Unknown, servers: [<ServerDescription ('localhost', 27017) server_type: Unknown, rtt: None, error=AutoReconnect('localhost:27017: [Errno 61] Connection refused (configured timeouts: socketTimeoutMS: 20000.0ms, connectTimeoutMS: 20000.0ms)')>]>
2026-04-19 18:07:41,655 - ERROR - Failed to insert data: localhost:27017: [Errno 61] Connection refused (configured timeouts: socketTimeoutMS: 20000.0ms, connectTimeoutMS: 20000.0ms), Timeout: 2.0s, Topology Description: <TopologyDescription id: 69e4fd498b4e9aae5f5b38e3, topology_type: Unknown, servers: [<ServerDescription ('localhost', 27017) server_type: Unknown, rtt: None, error=AutoReconnect('localhost:27017: [Errno 61] Connection refused (configured timeouts: socketTimeoutMS: 20000.0ms, connectTimeoutMS: 20000.0ms)')>]>
2026-04-19 18:07:43,676 - ERROR - Failed to insert data: localhost:27017: [Errno 61] Connection refused (configured timeouts: socketTimeoutMS: 20000.0ms, connectTimeoutMS: 20000.0ms), Timeout: 2.0s, Topology Description: <TopologyDescription id: 69e4fd498b4e9aae5f5b38e3, topology_type: Unknown, servers: [<ServerDescription ('localhost', 27017) server_type: Unknown, rtt: None, error=AutoReconnect('localhost:27017: [Errno 61] Connection refused (configured timeouts: socketTimeoutMS: 20000.0ms, connectTimeoutMS: 20000.0ms)')>]>
2026-04-19 18:07:45,688 - ERROR - Failed to insert data: localhost:27017: [Errno 61] Connection refused (configured timeouts: socketTimeoutMS: 20000.0ms, connectTimeoutMS: 20000.0ms), Timeout: 2.0s, Topology Description: <TopologyDescription id: 69e4fd498b4e9aae5f5b38e3, topology_type: Unknown, servers: [<ServerDescription ('localhost', 27017) server_type: Unknown, rtt: None, error=AutoReconnect('localhost:27017: [Errno 61] Connection refused (configured timeouts: socketTimeoutMS: 20000.0ms, connectTimeoutMS: 20000.0ms)')>]>
2026-04-19 18:07:47,711 - ERROR - Failed to insert data: localhost:27017: [Errno 61] Connection refused (configured timeouts: socketTimeoutMS: 20000.0ms, connectTimeoutMS: 20000.0ms), Timeout: 2.0s, Topology Description: <TopologyDescription id: 69e4fd498b4e9aae5f5b38e3, topology_type: Unknown, servers: [<ServerDescription ('localhost', 27017) server_type: Unknown, rtt: None, error=AutoReconnect('localhost:27017: [Errno 61] Connection refused (configured timeouts: socketTimeoutMS: 20000.0ms, connectTimeoutMS: 20000.0ms)')>]>
2026-04-19 18:07:49,733 - ERROR - Failed to insert data: localhost:27017: [Errno 61] Connection refused (configured timeouts: socketTimeoutMS: 20000.0ms, connectTimeoutMS: 20000.0ms), Timeout: 2.0s, Topology Description: <TopologyDescription id: 69e4fd498b4e9aae5f5b38e3, topology_type: Unknown, servers: [<ServerDescription ('localhost', 27017) server_type: Unknown, rtt: None, error=AutoReconnect('localhost:27017: [Errno 61] Connection refused (configured timeouts: socketTimeoutMS: 20000.0ms, connectTimeoutMS: 20000.0ms)')>]>
2026-04-19 18:07:51,750 - ERROR - Failed to insert data: localhost:27017: [Errno 61] Connection refused (configured timeouts: socketTimeoutMS: 20000.0ms, connectTimeoutMS: 20000.0ms), Timeout: 2.0s, Topology Description: <TopologyDescription id: 69e4fd498b4e9aae5f5b38e3, topology_type: Unknown, servers: [<ServerDescription ('localhost', 27017) server_type: Unknown, rtt: None, error=AutoReconnect('localhost:27017: [Errno 61] Connection refused (configured timeouts: socketTimeoutMS: 20000.0ms, connectTimeoutMS: 20000.0ms)')>]>
2026-04-19 18:07:53,768 - ERROR - Failed to insert data: localhost:27017: [Errno 61] Connection refused (configured timeouts: socketTimeoutMS: 20000.0ms, connectTimeoutMS: 20000.0ms), Timeout: 2.0s, Topology Description: <TopologyDescription id: 69e4fd498b4e9aae5f5b38e3, topology_type: Unknown, servers: [<ServerDescription ('localhost', 27017) server_type: Unknown, rtt: None, error=AutoReconnect('localhost:27017: [Errno 61] Connection refused (configured timeouts: socketTimeoutMS: 20000.0ms, connectTimeoutMS: 20000.0ms)')>]>
2026-04-19 18:07:55,788 - ERROR - Failed to insert data: localhost:27017: [Errno 61] Connection refused (configured timeouts: socketTimeoutMS: 20000.0ms, connectTimeoutMS: 20000.0ms), Timeout: 2.0s, Topology Description: <TopologyDescription id: 69e4fd498b4e9aae5f5b38e3, topology_type: Unknown, servers: [<ServerDescription ('localhost', 27017) server_type: Unknown, rtt: None, error=AutoReconnect('localhost:27017: [Errno 61] Connection refused (configured timeouts: socketTimeoutMS: 20000.0ms, connectTimeoutMS: 20000.0ms)')>]>
2026-04-19 18:07:57,806 - ERROR - Failed to insert data: localhost:27017: [Errno 61] Connection refused (configured timeouts: socketTimeoutMS: 20000.0ms, connectTimeoutMS: 20000.0ms), Timeout: 2.0s, Topology Description: <TopologyDescription id: 69e4fd498b4e9aae5f5b38e3, topology_type: Unknown, servers: [<ServerDescription ('localhost', 27017) server_type: Unknown, rtt: None, error=AutoReconnect('localhost:27017: [Errno 61] Connection refused (configured timeouts: socketTimeoutMS: 20000.0ms, connectTimeoutMS: 20000.0ms)')>]>
2026-04-19 18:07:59,823 - ERROR - Failed to insert data: localhost:27017: [Errno 61] Connection refused (configured timeouts: socketTimeoutMS: 20000.0ms, connectTimeoutMS: 20000.0ms), Timeout: 2.0s, Topology Description: <TopologyDescription id: 69e4fd498b4e9aae5f5b38e3, topology_type: Unknown, servers: [<ServerDescription ('localhost', 27017) server_type: Unknown, rtt: None, error=AutoReconnect('localhost:27017: [Errno 61] Connection refused (configured timeouts: socketTimeoutMS: 20000.0ms, connectTimeoutMS: 20000.0ms)')>]>
2026-04-19 18:08:01,842 - ERROR - Failed to insert data: localhost:27017: [Errno 61] Connection refused (configured timeouts: socketTimeoutMS: 20000.0ms, connectTimeoutMS: 20000.0ms), Timeout: 2.0s, Topology Description: <TopologyDescription id: 69e4fd498b4e9aae5f5b38e3, topology_type: Unknown, servers: [<ServerDescription ('localhost', 27017) server_type: Unknown, rtt: None, error=AutoReconnect('localhost:27017: [Errno 61] Connection refused (configured timeouts: socketTimeoutMS: 20000.0ms, connectTimeoutMS: 20000.0ms)')>]>
2026-04-19 18:08:03,860 - ERROR - Failed to insert data: localhost:27017: [Errno 61] Connection refused (configured timeouts: socketTimeoutMS: 20000.0ms, connectTimeoutMS: 20000.0ms), Timeout: 2.0s, Topology Description: <TopologyDescription id: 69e4fd498b4e9aae5f5b38e3, topology_type: Unknown, servers: [<ServerDescription ('localhost', 27017) server_type: Unknown, rtt: None, error=AutoReconnect('localhost:27017: [Errno 61] Connection refused (configured timeouts: socketTimeoutMS: 20000.0ms, connectTimeoutMS: 20000.0ms)')>]>
2026-04-19 18:08:05,879 - ERROR - Failed to insert data: localhost:27017: [Errno 61] Connection refused (configured timeouts: socketTimeoutMS: 20000.0ms, connectTimeoutMS: 20000.0ms), Timeout: 2.0s, Topology Description: <TopologyDescription id: 69e4fd498b4e9aae5f5b38e3, topology_type: Unknown, servers: [<ServerDescription ('localhost', 27017) server_type: Unknown, rtt: None, error=AutoReconnect('localhost:27017: [Errno 61] Connection refused (configured timeouts: socketTimeoutMS: 20000.0ms, connectTimeoutMS: 20000.0ms)')>]>
2026-04-19 18:08:07,898 - ERROR - Failed to insert data: localhost:27017: [Errno 61] Connection refused (configured timeouts: socketTimeoutMS: 20000.0ms, connectTimeoutMS: 20000.0ms), Timeout: 2.0s, Topology Description: <TopologyDescription id: 69e4fd498b4e9aae5f5b38e3, topology_type: Unknown, servers: [<ServerDescription ('localhost', 27017) server_type: Unknown, rtt: None, error=AutoReconnect('localhost:27017: [Errno 61] Connection refused (configured timeouts: socketTimeoutMS: 20000.0ms, connectTimeoutMS: 20000.0ms)')>]>
2026-04-19 18:08:09,921 - ERROR - Failed to insert data: localhost:27017: [Errno 61] Connection refused (configured timeouts: socketTimeoutMS: 20000.0ms, connectTimeoutMS: 20000.0ms), Timeout: 2.0s, Topology Description: <TopologyDescription id: 69e4fd498b4e9aae5f5b38e3, topology_type: Unknown, servers: [<ServerDescription ('localhost', 27017) server_type: Unknown, rtt: None, error=AutoReconnect('localhost:27017: [Errno 61] Connection refused (configured timeouts: socketTimeoutMS: 20000.0ms, connectTimeoutMS: 20000.0ms)')>]>
2026-04-19 18:08:11,943 - ERROR - Failed to insert data: localhost:27017: [Errno 61] Connection refused (configured timeouts: socketTimeoutMS: 20000.0ms, connectTimeoutMS: 20000.0ms), Timeout: 2.0s, Topology Description: <TopologyDescription id: 69e4fd498b4e9aae5f5b38e3, topology_type: Unknown, servers: [<ServerDescription ('localhost', 27017) server_type: Unknown, rtt: None, error=AutoReconnect('localhost:27017: [Errno 61] Connection refused (configured timeouts: socketTimeoutMS: 20000.0ms, connectTimeoutMS: 20000.0ms)')>]>
2026-04-19 18:08:13,965 - ERROR - Failed to insert data: localhost:27017: [Errno 61] Connection refused (configured timeouts: socketTimeoutMS: 20000.0ms, connectTimeoutMS: 20000.0ms), Timeout: 2.0s, Topology Description: <TopologyDescription id: 69e4fd498b4e9aae5f5b38e3, topology_type: Unknown, servers: [<ServerDescription ('localhost', 27017) server_type: Unknown, rtt: None, error=AutoReconnect('localhost:27017: [Errno 61] Connection refused (configured timeouts: socketTimeoutMS: 20000.0ms, connectTimeoutMS: 20000.0ms)')>]>
2026-04-19 18:08:15,986 - ERROR - Failed to insert data: localhost:27017: [Errno 61] Connection refused (configured timeouts: socketTimeoutMS: 20000.0ms, connectTimeoutMS: 20000.0ms), Timeout: 2.0s, Topology Description: <TopologyDescription id: 69e4fd498b4e9aae5f5b38e3, topology_type: Unknown, servers: [<ServerDescription ('localhost', 27017) server_type: Unknown, rtt: None, error=AutoReconnect('localhost:27017: [Errno 61] Connection refused (configured timeouts: socketTimeoutMS: 20000.0ms, connectTimeoutMS: 20000.0ms)')>]>
2026-04-19 18:08:17,997 - ERROR - Failed to insert data: localhost:27017: [Errno 61] Connection refused (configured timeouts: socketTimeoutMS: 20000.0ms, connectTimeoutMS: 20000.0ms), Timeout: 2.0s, Topology Description: <TopologyDescription id: 69e4fd498b4e9aae5f5b38e3, topology_type: Unknown, servers: [<ServerDescription ('localhost', 27017) server_type: Unknown, rtt: None, error=AutoReconnect('localhost:27017: [Errno 61] Connection refused (configured timeouts: socketTimeoutMS: 20000.0ms, connectTimeoutMS: 20000.0ms)')>]>
2026-04-19 18:08:20,018 - ERROR - Failed to insert data: localhost:27017: [Errno 61] Connection refused (configured timeouts: socketTimeoutMS: 20000.0ms, connectTimeoutMS: 20000.0ms), Timeout: 2.0s, Topology Description: <TopologyDescription id: 69e4fd498b4e9aae5f5b38e3, topology_type: Unknown, servers: [<ServerDescription ('localhost', 27017) server_type: Unknown, rtt: None, error=AutoReconnect('localhost:27017: [Errno 61] Connection refused (configured timeouts: socketTimeoutMS: 20000.0ms, connectTimeoutMS: 20000.0ms)')>]>
2026-04-19 18:08:22,040 - ERROR - Failed to insert data: localhost:27017: [Errno 61] Connection refused (configured timeouts: socketTimeoutMS: 20000.0ms, connectTimeoutMS: 20000.0ms), Timeout: 2.0s, Topology Description: <TopologyDescription id: 69e4fd498b4e9aae5f5b38e3, topology_type: Unknown, servers: [<ServerDescription ('localhost', 27017) server_type: Unknown, rtt: None, error=AutoReconnect('localhost:27017: [Errno 61] Connection refused (configured timeouts: socketTimeoutMS: 20000.0ms, connectTimeoutMS: 20000.0ms)')>]>
2026-04-19 18:08:24,061 - ERROR - Failed to insert data: localhost:27017: [Errno 61] Connection refused (configured timeouts: socketTimeoutMS: 20000.0ms, connectTimeoutMS: 20000.0ms), Timeout: 2.0s, Topology Description: <TopologyDescription id: 69e4fd498b4e9aae5f5b38e3, topology_type: Unknown, servers: [<ServerDescription ('localhost', 27017) server_type: Unknown, rtt: None, error=AutoReconnect('localhost:27017: [Errno 61] Connection refused (configured timeouts: socketTimeoutMS: 20000.0ms, connectTimeoutMS: 20000.0ms)')>]>
2026-04-19 18:08:26,077 - ERROR - Failed to insert data: localhost:27017: [Errno 61] Connection refused (configured timeouts: socketTimeoutMS: 20000.0ms, connectTimeoutMS: 20000.0ms), Timeout: 2.0s, Topology Description: <TopologyDescription id: 69e4fd498b4e9aae5f5b38e3, topology_type: Unknown, servers: [<ServerDescription ('localhost', 27017) server_type: Unknown, rtt: None, error=AutoReconnect('localhost:27017: [Errno 61] Connection refused (configured timeouts: socketTimeoutMS: 20000.0ms, connectTimeoutMS: 20000.0ms)')>]>
2026-04-19 18:08:28,093 - ERROR - Failed to insert data: localhost:27017: [Errno 61] Connection refused (configured timeouts: socketTimeoutMS: 20000.0ms, connectTimeoutMS: 20000.0ms), Timeout: 2.0s, Topology Description: <TopologyDescription id: 69e4fd498b4e9aae5f5b38e3, topology_type: Unknown, servers: [<ServerDescription ('localhost', 27017) server_type: Unknown, rtt: None, error=AutoReconnect('localhost:27017: [Errno 61] Connection refused (configured timeouts: socketTimeoutMS: 20000.0ms, connectTimeoutMS: 20000.0ms)')>]>
2026-04-19 18:08:30,108 - ERROR - Failed to insert data: localhost:27017: [Errno 61] Connection refused (configured timeouts: socketTimeoutMS: 20000.0ms, connectTimeoutMS: 20000.0ms), Timeout: 2.0s, Topology Description: <TopologyDescription id: 69e4fd498b4e9aae5f5b38e3, topology_type: Unknown, servers: [<ServerDescription ('localhost', 27017) server_type: Unknown, rtt: None, error=AutoReconnect('localhost:27017: [Errno 61] Connection refused (configured timeouts: socketTimeoutMS: 20000.0ms, connectTimeoutMS: 20000.0ms)')>]>
2026-04-19 18:08:32,127 - ERROR - Failed to insert data: localhost:27017: [Errno 61] Connection refused (configured timeouts: socketTimeoutMS: 20000.0ms, connectTimeoutMS: 20000.0ms), Timeout: 2.0s, Topology Description: <TopologyDescription id: 69e4fd498b4e9aae5f5b38e3, topology_type: Unknown, servers: [<ServerDescription ('localhost', 27017) server_type: Unknown, rtt: None, error=AutoReconnect('localhost:27017: [Errno 61] Connection refused (configured timeouts: socketTimeoutMS: 20000.0ms, connectTimeoutMS: 20000.0ms)')>]>
2026-04-19 18:08:34,146 - ERROR - Failed to insert data: localhost:27017: [Errno 61] Connection refused (configured timeouts: socketTimeoutMS: 20000.0ms, connectTimeoutMS: 20000.0ms), Timeout: 2.0s, Topology Description: <TopologyDescription id: 69e4fd498b4e9aae5f5b38e3, topology_type: Unknown, servers: [<ServerDescription ('localhost', 27017) server_type: Unknown, rtt: None, error=AutoReconnect('localhost:27017: [Errno 61] Connection refused (configured timeouts: socketTimeoutMS: 20000.0ms, connectTimeoutMS: 20000.0ms)')>]>
2026-04-19 18:08:36,162 - ERROR - Failed to insert data: localhost:27017: [Errno 61] Connection refused (configured timeouts: socketTimeoutMS: 20000.0ms, connectTimeoutMS: 20000.0ms), Timeout: 2.0s, Topology Description: <TopologyDescription id: 69e4fd498b4e9aae5f5b38e3, topology_type: Unknown, servers: [<ServerDescription ('localhost', 27017) server_type: Unknown, rtt: None, error=AutoReconnect('localhost:27017: [Errno 61] Connection refused (configured timeouts: socketTimeoutMS: 20000.0ms, connectTimeoutMS: 20000.0ms)')>]>
2026-04-19 18:08:38,182 - ERROR - Failed to insert data: localhost:27017: [Errno 61] Connection refused (configured timeouts: socketTimeoutMS: 20000.0ms, connectTimeoutMS: 20000.0ms), Timeout: 2.0s, Topology Description: <TopologyDescription id: 69e4fd498b4e9aae5f5b38e3, topology_type: Unknown, servers: [<ServerDescription ('localhost', 27017) server_type: Unknown, rtt: None, error=AutoReconnect('localhost:27017: [Errno 61] Connection refused (configured timeouts: socketTimeoutMS: 20000.0ms, connectTimeoutMS: 20000.0ms)')>]>
2026-04-19 18:08:40,202 - ERROR - Failed to insert data: localhost:27017: [Errno 61] Connection refused (configured timeouts: socketTimeoutMS: 20000.0ms, connectTimeoutMS: 20000.0ms), Timeout: 2.0s, Topology Description: <TopologyDescription id: 69e4fd498b4e9aae5f5b38e3, topology_type: Unknown, servers: [<ServerDescription ('localhost', 27017) server_type: Unknown, rtt: None, error=AutoReconnect('localhost:27017: [Errno 61] Connection refused (configured timeouts: socketTimeoutMS: 20000.0ms, connectTimeoutMS: 20000.0ms)')>]>
2026-04-19 18:08:42,219 - ERROR - Failed to insert data: localhost:27017: [Errno 61] Connection refused (configured timeouts: socketTimeoutMS: 20000.0ms, connectTimeoutMS: 20000.0ms), Timeout: 2.0s, Topology Description: <TopologyDescription id: 69e4fd498b4e9aae5f5b38e3, topology_type: Unknown, servers: [<ServerDescription ('localhost', 27017) server_type: Unknown, rtt: None, error=AutoReconnect('localhost:27017: [Errno 61] Connection refused (configured timeouts: socketTimeoutMS: 20000.0ms, connectTimeoutMS: 20000.0ms)')>]>
2026-04-19 18:08:44,244 - ERROR - Failed to insert data: localhost:27017: [Errno 61] Connection refused (configured timeouts: socketTimeoutMS: 20000.0ms, connectTimeoutMS: 20000.0ms), Timeout: 2.0s, Topology Description: <TopologyDescription id: 69e4fd498b4e9aae5f5b38e3, topology_type: Unknown, servers: [<ServerDescription ('localhost', 27017) server_type: Unknown, rtt: None, error=AutoReconnect('localhost:27017: [Errno 61] Connection refused (configured timeouts: socketTimeoutMS: 20000.0ms, connectTimeoutMS: 20000.0ms)')>]>
2026-04-19 18:08:46,264 - ERROR - Failed to insert data: localhost:27017: [Errno 61] Connection refused (configured timeouts: socketTimeoutMS: 20000.0ms, connectTimeoutMS: 20000.0ms), Timeout: 2.0s, Topology Description: <TopologyDescription id: 69e4fd498b4e9aae5f5b38e3, topology_type: Unknown, servers: [<ServerDescription ('localhost', 27017) server_type: Unknown, rtt: None, error=AutoReconnect('localhost:27017: [Errno 61] Connection refused (configured timeouts: socketTimeoutMS: 20000.0ms, connectTimeoutMS: 20000.0ms)')>]>
2026-04-19 18:08:48,280 - ERROR - Failed to insert data: localhost:27017: [Errno 61] Connection refused (configured timeouts: socketTimeoutMS: 20000.0ms, connectTimeoutMS: 20000.0ms), Timeout: 2.0s, Topology Description: <TopologyDescription id: 69e4fd498b4e9aae5f5b38e3, topology_type: Unknown, servers: [<ServerDescription ('localhost', 27017) server_type: Unknown, rtt: None, error=AutoReconnect('localhost:27017: [Errno 61] Connection refused (configured timeouts: socketTimeoutMS: 20000.0ms, connectTimeoutMS: 20000.0ms)')>]>
2026-04-19 18:08:50,300 - ERROR - Failed to insert data: localhost:27017: [Errno 61] Connection refused (configured timeouts: socketTimeoutMS: 20000.0ms, connectTimeoutMS: 20000.0ms), Timeout: 2.0s, Topology Description: <TopologyDescription id: 69e4fd498b4e9aae5f5b38e3, topology_type: Unknown, servers: [<ServerDescription ('localhost', 27017) server_type: Unknown, rtt: None, error=AutoReconnect('localhost:27017: [Errno 61] Connection refused (configured timeouts: socketTimeoutMS: 20000.0ms, connectTimeoutMS: 20000.0ms)')>]>
2026-04-19 18:08:52,323 - ERROR - Failed to insert data: localhost:27017: [Errno 61] Connection refused (configured timeouts: socketTimeoutMS: 20000.0ms, connectTimeoutMS: 20000.0ms), Timeout: 2.0s, Topology Description: <TopologyDescription id: 69e4fd498b4e9aae5f5b38e3, topology_type: Unknown, servers: [<ServerDescription ('localhost', 27017) server_type: Unknown, rtt: None, error=AutoReconnect('localhost:27017: [Errno 61] Connection refused (configured timeouts: socketTimeoutMS: 20000.0ms, connectTimeoutMS: 20000.0ms)')>]>
2026-04-19 18:08:54,337 - ERROR - Failed to insert data: localhost:27017: [Errno 61] Connection refused (configured timeouts: socketTimeoutMS: 20000.0ms, connectTimeoutMS: 20000.0ms), Timeout: 2.0s, Topology Description: <TopologyDescription id: 69e4fd498b4e9aae5f5b38e3, topology_type: Unknown, servers: [<ServerDescription ('localhost', 27017) server_type: Unknown, rtt: None, error=AutoReconnect('localhost:27017: [Errno 61] Connection refused (configured timeouts: socketTimeoutMS: 20000.0ms, connectTimeoutMS: 20000.0ms)')>]>
2026-04-19 18:08:56,371 - ERROR - Failed to insert data: localhost:27017: [Errno 61] Connection refused (configured timeouts: socketTimeoutMS: 20000.0ms, connectTimeoutMS: 20000.0ms), Timeout: 2.0s, Topology Description: <TopologyDescription id: 69e4fd498b4e9aae5f5b38e3, topology_type: Unknown, servers: [<ServerDescription ('localhost', 27017) server_type: Unknown, rtt: None, error=AutoReconnect('localhost:27017: [Errno 61] Connection refused (configured timeouts: socketTimeoutMS: 20000.0ms, connectTimeoutMS: 20000.0ms)')>]>
2026-04-19 18:08:58,393 - ERROR - Failed to insert data: localhost:27017: [Errno 61] Connection refused (configured timeouts: socketTimeoutMS: 20000.0ms, connectTimeoutMS: 20000.0ms), Timeout: 2.0s, Topology Description: <TopologyDescription id: 69e4fd498b4e9aae5f5b38e3, topology_type: Unknown, servers: [<ServerDescription ('localhost', 27017) server_type: Unknown, rtt: None, error=AutoReconnect('localhost:27017: [Errno 61] Connection refused (configured timeouts: socketTimeoutMS: 20000.0ms, connectTimeoutMS: 20000.0ms)')>]>
2026-04-19 18:09:00,413 - ERROR - Failed to insert data: localhost:27017: [Errno 61] Connection refused (configured timeouts: socketTimeoutMS: 20000.0ms, connectTimeoutMS: 20000.0ms), Timeout: 2.0s, Topology Description: <TopologyDescription id: 69e4fd498b4e9aae5f5b38e3, topology_type: Unknown, servers: [<ServerDescription ('localhost', 27017) server_type: Unknown, rtt: None, error=AutoReconnect('localhost:27017: [Errno 61] Connection refused (configured timeouts: socketTimeoutMS: 20000.0ms, connectTimeoutMS: 20000.0ms)')>]>
2026-04-19 18:09:02,435 - ERROR - Failed to insert data: localhost:27017: [Errno 61] Connection refused (configured timeouts: socketTimeoutMS: 20000.0ms, connectTimeoutMS: 20000.0ms), Timeout: 2.0s, Topology Description: <TopologyDescription id: 69e4fd498b4e9aae5f5b38e3, topology_type: Unknown, servers: [<ServerDescription ('localhost', 27017) server_type: Unknown, rtt: None, error=AutoReconnect('localhost:27017: [Errno 61] Connection refused (configured timeouts: socketTimeoutMS: 20000.0ms, connectTimeoutMS: 20000.0ms)')>]>
2026-04-19 18:09:04,456 - ERROR - Failed to insert data: localhost:27017: [Errno 61] Connection refused (configured timeouts: socketTimeoutMS: 20000.0ms, connectTimeoutMS: 20000.0ms), Timeout: 2.0s, Topology Description: <TopologyDescription id: 69e4fd498b4e9aae5f5b38e3, topology_type: Unknown, servers: [<ServerDescription ('localhost', 27017) server_type: Unknown, rtt: None, error=AutoReconnect('localhost:27017: [Errno 61] Connection refused (configured timeouts: socketTimeoutMS: 20000.0ms, connectTimeoutMS: 20000.0ms)')>]>
2026-04-19 18:09:06,478 - ERROR - Failed to insert data: localhost:27017: [Errno 61] Connection refused (configured timeouts: socketTimeoutMS: 20000.0ms, connectTimeoutMS: 20000.0ms), Timeout: 2.0s, Topology Description: <TopologyDescription id: 69e4fd498b4e9aae5f5b38e3, topology_type: Unknown, servers: [<ServerDescription ('localhost', 27017) server_type: Unknown, rtt: None, error=AutoReconnect('localhost:27017: [Errno 61] Connection refused (configured timeouts: socketTimeoutMS: 20000.0ms, connectTimeoutMS: 20000.0ms)')>]>
2026-04-19 18:09:08,493 - ERROR - Failed to insert data: localhost:27017: [Errno 61] Connection refused (configured timeouts: socketTimeoutMS: 20000.0ms, connectTimeoutMS: 20000.0ms), Timeout: 2.0s, Topology Description: <TopologyDescription id: 69e4fd498b4e9aae5f5b38e3, topology_type: Unknown, servers: [<ServerDescription ('localhost', 27017) server_type: Unknown, rtt: None, error=AutoReconnect('localhost:27017: [Errno 61] Connection refused (configured timeouts: socketTimeoutMS: 20000.0ms, connectTimeoutMS: 20000.0ms)')>]>
2026-04-19 18:09:10,512 - ERROR - Failed to insert data: localhost:27017: [Errno 61] Connection refused (configured timeouts: socketTimeoutMS: 20000.0ms, connectTimeoutMS: 20000.0ms), Timeout: 2.0s, Topology Description: <TopologyDescription id: 69e4fd498b4e9aae5f5b38e3, topology_type: Unknown, servers: [<ServerDescription ('localhost', 27017) server_type: Unknown, rtt: None, error=AutoReconnect('localhost:27017: [Errno 61] Connection refused (configured timeouts: socketTimeoutMS: 20000.0ms, connectTimeoutMS: 20000.0ms)')>]>
2026-04-19 18:09:12,531 - ERROR - Failed to insert data: localhost:27017: [Errno 61] Connection refused (configured timeouts: socketTimeoutMS: 20000.0ms, connectTimeoutMS: 20000.0ms), Timeout: 2.0s, Topology Description: <TopologyDescription id: 69e4fd498b4e9aae5f5b38e3, topology_type: Unknown, servers: [<ServerDescription ('localhost', 27017) server_type: Unknown, rtt: None, error=AutoReconnect('localhost:27017: [Errno 61] Connection refused (configured timeouts: socketTimeoutMS: 20000.0ms, connectTimeoutMS: 20000.0ms)')>]>
2026-04-19 18:09:14,553 - ERROR - Failed to insert data: localhost:27017: [Errno 61] Connection refused (configured timeouts: socketTimeoutMS: 20000.0ms, connectTimeoutMS: 20000.0ms), Timeout: 2.0s, Topology Description: <TopologyDescription id: 69e4fd498b4e9aae5f5b38e3, topology_type: Unknown, servers: [<ServerDescription ('localhost', 27017) server_type: Unknown, rtt: None, error=AutoReconnect('localhost:27017: [Errno 61] Connection refused (configured timeouts: socketTimeoutMS: 20000.0ms, connectTimeoutMS: 20000.0ms)')>]>
2026-04-19 18:09:16,573 - ERROR - Failed to insert data: localhost:27017: [Errno 61] Connection refused (configured timeouts: socketTimeoutMS: 20000.0ms, connectTimeoutMS: 20000.0ms), Timeout: 2.0s, Topology Description: <TopologyDescription id: 69e4fd498b4e9aae5f5b38e3, topology_type: Unknown, servers: [<ServerDescription ('localhost', 27017) server_type: Unknown, rtt: None, error=AutoReconnect('localhost:27017: [Errno 61] Connection refused (configured timeouts: socketTimeoutMS: 20000.0ms, connectTimeoutMS: 20000.0ms)')>]>
2026-04-19 18:09:18,592 - ERROR - Failed to insert data: localhost:27017: [Errno 61] Connection refused (configured timeouts: socketTimeoutMS: 20000.0ms, connectTimeoutMS: 20000.0ms), Timeout: 2.0s, Topology Description: <TopologyDescription id: 69e4fd498b4e9aae5f5b38e3, topology_type: Unknown, servers: [<ServerDescription ('localhost', 27017) server_type: Unknown, rtt: None, error=AutoReconnect('localhost:27017: [Errno 61] Connection refused (configured timeouts: socketTimeoutMS: 20000.0ms, connectTimeoutMS: 20000.0ms)')>]>
2026-04-19 18:09:20,617 - ERROR - Failed to insert data: localhost:27017: [Errno 61] Connection refused (configured timeouts: socketTimeoutMS: 20000.0ms, connectTimeoutMS: 20000.0ms), Timeout: 2.0s, Topology Description: <TopologyDescription id: 69e4fd498b4e9aae5f5b38e3, topology_type: Unknown, servers: [<ServerDescription ('localhost', 27017) server_type: Unknown, rtt: None, error=AutoReconnect('localhost:27017: [Errno 61] Connection refused (configured timeouts: socketTimeoutMS: 20000.0ms, connectTimeoutMS: 20000.0ms)')>]>
2026-04-19 18:09:22,639 - ERROR - Failed to insert data: localhost:27017: [Errno 61] Connection refused (configured timeouts: socketTimeoutMS: 20000.0ms, connectTimeoutMS: 20000.0ms), Timeout: 2.0s, Topology Description: <TopologyDescription id: 69e4fd498b4e9aae5f5b38e3, topology_type: Unknown, servers: [<ServerDescription ('localhost', 27017) server_type: Unknown, rtt: None, error=AutoReconnect('localhost:27017: [Errno 61] Connection refused (configured timeouts: socketTimeoutMS: 20000.0ms, connectTimeoutMS: 20000.0ms)')>]>
2026-04-19 18:09:24,662 - ERROR - Failed to insert data: localhost:27017: [Errno 61] Connection refused (configured timeouts: socketTimeoutMS: 20000.0ms, connectTimeoutMS: 20000.0ms), Timeout: 2.0s, Topology Description: <TopologyDescription id: 69e4fd498b4e9aae5f5b38e3, topology_type: Unknown, servers: [<ServerDescription ('localhost', 27017) server_type: Unknown, rtt: None, error=AutoReconnect('localhost:27017: [Errno 61] Connection refused (configured timeouts: socketTimeoutMS: 20000.0ms, connectTimeoutMS: 20000.0ms)')>]>
2026-04-19 18:09:26,683 - ERROR - Failed to insert data: localhost:27017: [Errno 61] Connection refused (configured timeouts: socketTimeoutMS: 20000.0ms, connectTimeoutMS: 20000.0ms), Timeout: 2.0s, Topology Description: <TopologyDescription id: 69e4fd498b4e9aae5f5b38e3, topology_type: Unknown, servers: [<ServerDescription ('localhost', 27017) server_type: Unknown, rtt: None, error=AutoReconnect('localhost:27017: [Errno 61] Connection refused (configured timeouts: socketTimeoutMS: 20000.0ms, connectTimeoutMS: 20000.0ms)')>]>
2026-04-19 18:09:28,702 - ERROR - Failed to insert data: localhost:27017: [Errno 61] Connection refused (configured timeouts: socketTimeoutMS: 20000.0ms, connectTimeoutMS: 20000.0ms), Timeout: 2.0s, Topology Description: <TopologyDescription id: 69e4fd498b4e9aae5f5b38e3, topology_type: Unknown, servers: [<ServerDescription ('localhost', 27017) server_type: Unknown, rtt: None, error=AutoReconnect('localhost:27017: [Errno 61] Connection refused (configured timeouts: socketTimeoutMS: 20000.0ms, connectTimeoutMS: 20000.0ms)')>]>
2026-04-19 18:09:30,721 - ERROR - Failed to insert data: localhost:27017: [Errno 61] Connection refused (configured timeouts: socketTimeoutMS: 20000.0ms, connectTimeoutMS: 20000.0ms), Timeout: 2.0s, Topology Description: <TopologyDescription id: 69e4fd498b4e9aae5f5b38e3, topology_type: Unknown, servers: [<ServerDescription ('localhost', 27017) server_type: Unknown, rtt: None, error=AutoReconnect('localhost:27017: [Errno 61] Connection refused (configured timeouts: socketTimeoutMS: 20000.0ms, connectTimeoutMS: 20000.0ms)')>]>
2026-04-19 18:09:32,740 - ERROR - Failed to insert data: localhost:27017: [Errno 61] Connection refused (configured timeouts: socketTimeoutMS: 20000.0ms, connectTimeoutMS: 20000.0ms), Timeout: 2.0s, Topology Description: <TopologyDescription id: 69e4fd498b4e9aae5f5b38e3, topology_type: Unknown, servers: [<ServerDescription ('localhost', 27017) server_type: Unknown, rtt: None, error=AutoReconnect('localhost:27017: [Errno 61] Connection refused (configured timeouts: socketTimeoutMS: 20000.0ms, connectTimeoutMS: 20000.0ms)')>]>
2026-04-19 18:09:34,758 - ERROR - Failed to insert data: localhost:27017: [Errno 61] Connection refused (configured timeouts: socketTimeoutMS: 20000.0ms, connectTimeoutMS: 20000.0ms), Timeout: 2.0s, Topology Description: <TopologyDescription id: 69e4fd498b4e9aae5f5b38e3, topology_type: Unknown, servers: [<ServerDescription ('localhost', 27017) server_type: Unknown, rtt: None, error=AutoReconnect('localhost:27017: [Errno 61] Connection refused (configured timeouts: socketTimeoutMS: 20000.0ms, connectTimeoutMS: 20000.0ms)')>]>
2026-04-19 18:09:36,775 - ERROR - Failed to insert data: localhost:27017: [Errno 61] Connection refused (configured timeouts: socketTimeoutMS: 20000.0ms, connectTimeoutMS: 20000.0ms), Timeout: 2.0s, Topology Description: <TopologyDescription id: 69e4fd498b4e9aae5f5b38e3, topology_type: Unknown, servers: [<ServerDescription ('localhost', 27017) server_type: Unknown, rtt: None, error=AutoReconnect('localhost:27017: [Errno 61] Connection refused (configured timeouts: socketTimeoutMS: 20000.0ms, connectTimeoutMS: 20000.0ms)')>]>
2026-04-19 18:09:38,793 - ERROR - Failed to insert data: localhost:27017: [Errno 61] Connection refused (configured timeouts: socketTimeoutMS: 20000.0ms, connectTimeoutMS: 20000.0ms), Timeout: 2.0s, Topology Description: <TopologyDescription id: 69e4fd498b4e9aae5f5b38e3, topology_type: Unknown, servers: [<ServerDescription ('localhost', 27017) server_type: Unknown, rtt: None, error=AutoReconnect('localhost:27017: [Errno 61] Connection refused (configured timeouts: socketTimeoutMS: 20000.0ms, connectTimeoutMS: 20000.0ms)')>]>
2026-04-19 18:09:40,813 - ERROR - Failed to insert data: localhost:27017: [Errno 61] Connection refused (configured timeouts: socketTimeoutMS: 20000.0ms, connectTimeoutMS: 20000.0ms), Timeout: 2.0s, Topology Description: <TopologyDescription id: 69e4fd498b4e9aae5f5b38e3, topology_type: Unknown, servers: [<ServerDescription ('localhost', 27017) server_type: Unknown, rtt: None, error=AutoReconnect('localhost:27017: [Errno 61] Connection refused (configured timeouts: socketTimeoutMS: 20000.0ms, connectTimeoutMS: 20000.0ms)')>]>
2026-04-19 18:09:42,826 - ERROR - Failed to insert data: localhost:27017: [Errno 61] Connection refused (configured timeouts: socketTimeoutMS: 20000.0ms, connectTimeoutMS: 20000.0ms), Timeout: 2.0s, Topology Description: <TopologyDescription id: 69e4fd498b4e9aae5f5b38e3, topology_type: Unknown, servers: [<ServerDescription ('localhost', 27017) server_type: Unknown, rtt: None, error=AutoReconnect('localhost:27017: [Errno 61] Connection refused (configured timeouts: socketTimeoutMS: 20000.0ms, connectTimeoutMS: 20000.0ms)')>]>
2026-04-19 18:09:44,845 - ERROR - Failed to insert data: localhost:27017: [Errno 61] Connection refused (configured timeouts: socketTimeoutMS: 20000.0ms, connectTimeoutMS: 20000.0ms), Timeout: 2.0s, Topology Description: <TopologyDescription id: 69e4fd498b4e9aae5f5b38e3, topology_type: Unknown, servers: [<ServerDescription ('localhost', 27017) server_type: Unknown, rtt: None, error=AutoReconnect('localhost:27017: [Errno 61] Connection refused (configured timeouts: socketTimeoutMS: 20000.0ms, connectTimeoutMS: 20000.0ms)')>]>
2026-04-19 18:09:46,863 - ERROR - Failed to insert data: localhost:27017: [Errno 61] Connection refused (configured timeouts: socketTimeoutMS: 20000.0ms, connectTimeoutMS: 20000.0ms), Timeout: 2.0s, Topology Description: <TopologyDescription id: 69e4fd498b4e9aae5f5b38e3, topology_type: Unknown, servers: [<ServerDescription ('localhost', 27017) server_type: Unknown, rtt: None, error=AutoReconnect('localhost:27017: [Errno 61] Connection refused (configured timeouts: socketTimeoutMS: 20000.0ms, connectTimeoutMS: 20000.0ms)')>]>
2026-04-19 18:09:48,880 - ERROR - Failed to insert data: localhost:27017: [Errno 61] Connection refused (configured timeouts: socketTimeoutMS: 20000.0ms, connectTimeoutMS: 20000.0ms), Timeout: 2.0s, Topology Description: <TopologyDescription id: 69e4fd498b4e9aae5f5b38e3, topology_type: Unknown, servers: [<ServerDescription ('localhost', 27017) server_type: Unknown, rtt: None, error=AutoReconnect('localhost:27017: [Errno 61] Connection refused (configured timeouts: socketTimeoutMS: 20000.0ms, connectTimeoutMS: 20000.0ms)')>]>
2026-04-19 18:09:50,899 - ERROR - Failed to insert data: localhost:27017: [Errno 61] Connection refused (configured timeouts: socketTimeoutMS: 20000.0ms, connectTimeoutMS: 20000.0ms), Timeout: 2.0s, Topology Description: <TopologyDescription id: 69e4fd498b4e9aae5f5b38e3, topology_type: Unknown, servers: [<ServerDescription ('localhost', 27017) server_type: Unknown, rtt: None, error=AutoReconnect('localhost:27017: [Errno 61] Connection refused (configured timeouts: socketTimeoutMS: 20000.0ms, connectTimeoutMS: 20000.0ms)')>]>
2026-04-19 18:09:52,912 - ERROR - Failed to insert data: localhost:27017: [Errno 61] Connection refused (configured timeouts: socketTimeoutMS: 20000.0ms, connectTimeoutMS: 20000.0ms), Timeout: 2.0s, Topology Description: <TopologyDescription id: 69e4fd498b4e9aae5f5b38e3, topology_type: Unknown, servers: [<ServerDescription ('localhost', 27017) server_type: Unknown, rtt: None, error=AutoReconnect('localhost:27017: [Errno 61] Connection refused (configured timeouts: socketTimeoutMS: 20000.0ms, connectTimeoutMS: 20000.0ms)')>]>
2026-04-19 18:09:54,927 - ERROR - Failed to insert data: localhost:27017: [Errno 61] Connection refused (configured timeouts: socketTimeoutMS: 20000.0ms, connectTimeoutMS: 20000.0ms), Timeout: 2.0s, Topology Description: <TopologyDescription id: 69e4fd498b4e9aae5f5b38e3, topology_type: Unknown, servers: [<ServerDescription ('localhost', 27017) server_type: Unknown, rtt: None, error=AutoReconnect('localhost:27017: [Errno 61] Connection refused (configured timeouts: socketTimeoutMS: 20000.0ms, connectTimeoutMS: 20000.0ms)')>]>
2026-04-19 18:09:56,945 - ERROR - Failed to insert data: localhost:27017: [Errno 61] Connection refused (configured timeouts: socketTimeoutMS: 20000.0ms, connectTimeoutMS: 20000.0ms), Timeout: 2.0s, Topology Description: <TopologyDescription id: 69e4fd498b4e9aae5f5b38e3, topology_type: Unknown, servers: [<ServerDescription ('localhost', 27017) server_type: Unknown, rtt: None, error=AutoReconnect('localhost:27017: [Errno 61] Connection refused (configured timeouts: socketTimeoutMS: 20000.0ms, connectTimeoutMS: 20000.0ms)')>]>
2026-04-19 18:09:58,966 - ERROR - Failed to insert data: localhost:27017: [Errno 61] Connection refused (configured timeouts: socketTimeoutMS: 20000.0ms, connectTimeoutMS: 20000.0ms), Timeout: 2.0s, Topology Description: <TopologyDescription id: 69e4fd498b4e9aae5f5b38e3, topology_type: Unknown, servers: [<ServerDescription ('localhost', 27017) server_type: Unknown, rtt: None, error=AutoReconnect('localhost:27017: [Errno 61] Connection refused (configured timeouts: socketTimeoutMS: 20000.0ms, connectTimeoutMS: 20000.0ms)')>]>
2026-04-19 18:10:00,986 - ERROR - Failed to insert data: localhost:27017: [Errno 61] Connection refused (configured timeouts: socketTimeoutMS: 20000.0ms, connectTimeoutMS: 20000.0ms), Timeout: 2.0s, Topology Description: <TopologyDescription id: 69e4fd498b4e9aae5f5b38e3, topology_type: Unknown, servers: [<ServerDescription ('localhost', 27017) server_type: Unknown, rtt: None, error=AutoReconnect('localhost:27017: [Errno 61] Connection refused (configured timeouts: socketTimeoutMS: 20000.0ms, connectTimeoutMS: 20000.0ms)')>]>
2026-04-19 18:10:03,001 - ERROR - Failed to insert data: localhost:27017: [Errno 61] Connection refused (configured timeouts: socketTimeoutMS: 20000.0ms, connectTimeoutMS: 20000.0ms), Timeout: 2.0s, Topology Description: <TopologyDescription id: 69e4fd498b4e9aae5f5b38e3, topology_type: Unknown, servers: [<ServerDescription ('localhost', 27017) server_type: Unknown, rtt: None, error=AutoReconnect('localhost:27017: [Errno 61] Connection refused (configured timeouts: socketTimeoutMS: 20000.0ms, connectTimeoutMS: 20000.0ms)')>]>
2026-04-19 18:10:05,021 - ERROR - Failed to insert data: localhost:27017: [Errno 61] Connection refused (configured timeouts: socketTimeoutMS: 20000.0ms, connectTimeoutMS: 20000.0ms), Timeout: 2.0s, Topology Description: <TopologyDescription id: 69e4fd498b4e9aae5f5b38e3, topology_type: Unknown, servers: [<ServerDescription ('localhost', 27017) server_type: Unknown, rtt: None, error=AutoReconnect('localhost:27017: [Errno 61] Connection refused (configured timeouts: socketTimeoutMS: 20000.0ms, connectTimeoutMS: 20000.0ms)')>]>
2026-04-19 18:10:07,037 - ERROR - Failed to insert data: localhost:27017: [Errno 61] Connection refused (configured timeouts: socketTimeoutMS: 20000.0ms, connectTimeoutMS: 20000.0ms), Timeout: 2.0s, Topology Description: <TopologyDescription id: 69e4fd498b4e9aae5f5b38e3, topology_type: Unknown, servers: [<ServerDescription ('localhost', 27017) server_type: Unknown, rtt: None, error=AutoReconnect('localhost:27017: [Errno 61] Connection refused (configured timeouts: socketTimeoutMS: 20000.0ms, connectTimeoutMS: 20000.0ms)')>]>
2026-04-19 18:10:09,056 - ERROR - Failed to insert data: localhost:27017: [Errno 61] Connection refused (configured timeouts: socketTimeoutMS: 20000.0ms, connectTimeoutMS: 20000.0ms), Timeout: 2.0s, Topology Description: <TopologyDescription id: 69e4fd498b4e9aae5f5b38e3, topology_type: Unknown, servers: [<ServerDescription ('localhost', 27017) server_type: Unknown, rtt: None, error=AutoReconnect('localhost:27017: [Errno 61] Connection refused (configured timeouts: socketTimeoutMS: 20000.0ms, connectTimeoutMS: 20000.0ms)')>]>
2026-04-19 18:10:11,071 - ERROR - Failed to insert data: localhost:27017: [Errno 61] Connection refused (configured timeouts: socketTimeoutMS: 20000.0ms, connectTimeoutMS: 20000.0ms), Timeout: 2.0s, Topology Description: <TopologyDescription id: 69e4fd498b4e9aae5f5b38e3, topology_type: Unknown, servers: [<ServerDescription ('localhost', 27017) server_type: Unknown, rtt: None, error=AutoReconnect('localhost:27017: [Errno 61] Connection refused (configured timeouts: socketTimeoutMS: 20000.0ms, connectTimeoutMS: 20000.0ms)')>]>
2026-04-19 18:10:13,089 - ERROR - Failed to insert data: localhost:27017: [Errno 61] Connection refused (configured timeouts: socketTimeoutMS: 20000.0ms, connectTimeoutMS: 20000.0ms), Timeout: 2.0s, Topology Description: <TopologyDescription id: 69e4fd498b4e9aae5f5b38e3, topology_type: Unknown, servers: [<ServerDescription ('localhost', 27017) server_type: Unknown, rtt: None, error=AutoReconnect('localhost:27017: [Errno 61] Connection refused (configured timeouts: socketTimeoutMS: 20000.0ms, connectTimeoutMS: 20000.0ms)')>]>
2026-04-19 18:10:15,104 - ERROR - Failed to insert data: localhost:27017: [Errno 61] Connection refused (configured timeouts: socketTimeoutMS: 20000.0ms, connectTimeoutMS: 20000.0ms), Timeout: 2.0s, Topology Description: <TopologyDescription id: 69e4fd498b4e9aae5f5b38e3, topology_type: Unknown, servers: [<ServerDescription ('localhost', 27017) server_type: Unknown, rtt: None, error=AutoReconnect('localhost:27017: [Errno 61] Connection refused (configured timeouts: socketTimeoutMS: 20000.0ms, connectTimeoutMS: 20000.0ms)')>]>
2026-04-19 18:10:17,120 - ERROR - Failed to insert data: localhost:27017: [Errno 61] Connection refused (configured timeouts: socketTimeoutMS: 20000.0ms, connectTimeoutMS: 20000.0ms), Timeout: 2.0s, Topology Description: <TopologyDescription id: 69e4fd498b4e9aae5f5b38e3, topology_type: Unknown, servers: [<ServerDescription ('localhost', 27017) server_type: Unknown, rtt: None, error=AutoReconnect('localhost:27017: [Errno 61] Connection refused (configured timeouts: socketTimeoutMS: 20000.0ms, connectTimeoutMS: 20000.0ms)')>]>
2026-04-19 18:10:19,143 - ERROR - Failed to insert data: localhost:27017: [Errno 61] Connection refused (configured timeouts: socketTimeoutMS: 20000.0ms, connectTimeoutMS: 20000.0ms), Timeout: 2.0s, Topology Description: <TopologyDescription id: 69e4fd498b4e9aae5f5b38e3, topology_type: Unknown, servers: [<ServerDescription ('localhost', 27017) server_type: Unknown, rtt: None, error=AutoReconnect('localhost:27017: [Errno 61] Connection refused (configured timeouts: socketTimeoutMS: 20000.0ms, connectTimeoutMS: 20000.0ms)')>]>
2026-04-19 18:10:21,159 - ERROR - Failed to insert data: localhost:27017: [Errno 61] Connection refused (configured timeouts: socketTimeoutMS: 20000.0ms, connectTimeoutMS: 20000.0ms), Timeout: 2.0s, Topology Description: <TopologyDescription id: 69e4fd498b4e9aae5f5b38e3, topology_type: Unknown, servers: [<ServerDescription ('localhost', 27017) server_type: Unknown, rtt: None, error=AutoReconnect('localhost:27017: [Errno 61] Connection refused (configured timeouts: socketTimeoutMS: 20000.0ms, connectTimeoutMS: 20000.0ms)')>]>
2026-04-19 18:10:23,176 - ERROR - Failed to insert data: localhost:27017: [Errno 61] Connection refused (configured timeouts: socketTimeoutMS: 20000.0ms, connectTimeoutMS: 20000.0ms), Timeout: 2.0s, Topology Description: <TopologyDescription id: 69e4fd498b4e9aae5f5b38e3, topology_type: Unknown, servers: [<ServerDescription ('localhost', 27017) server_type: Unknown, rtt: None, error=AutoReconnect('localhost:27017: [Errno 61] Connection refused (configured timeouts: socketTimeoutMS: 20000.0ms, connectTimeoutMS: 20000.0ms)')>]>
2026-04-19 18:10:25,193 - ERROR - Failed to insert data: localhost:27017: [Errno 61] Connection refused (configured timeouts: socketTimeoutMS: 20000.0ms, connectTimeoutMS: 20000.0ms), Timeout: 2.0s, Topology Description: <TopologyDescription id: 69e4fd498b4e9aae5f5b38e3, topology_type: Unknown, servers: [<ServerDescription ('localhost', 27017) server_type: Unknown, rtt: None, error=AutoReconnect('localhost:27017: [Errno 61] Connection refused (configured timeouts: socketTimeoutMS: 20000.0ms, connectTimeoutMS: 20000.0ms)')>]>
2026-04-19 18:10:27,209 - ERROR - Failed to insert data: localhost:27017: [Errno 61] Connection refused (configured timeouts: socketTimeoutMS: 20000.0ms, connectTimeoutMS: 20000.0ms), Timeout: 2.0s, Topology Description: <TopologyDescription id: 69e4fd498b4e9aae5f5b38e3, topology_type: Unknown, servers: [<ServerDescription ('localhost', 27017) server_type: Unknown, rtt: None, error=AutoReconnect('localhost:27017: [Errno 61] Connection refused (configured timeouts: socketTimeoutMS: 20000.0ms, connectTimeoutMS: 20000.0ms)')>]>
2026-04-19 18:10:29,230 - ERROR - Failed to insert data: localhost:27017: [Errno 61] Connection refused (configured timeouts: socketTimeoutMS: 20000.0ms, connectTimeoutMS: 20000.0ms), Timeout: 2.0s, Topology Description: <TopologyDescription id: 69e4fd498b4e9aae5f5b38e3, topology_type: Unknown, servers: [<ServerDescription ('localhost', 27017) server_type: Unknown, rtt: None, error=AutoReconnect('localhost:27017: [Errno 61] Connection refused (configured timeouts: socketTimeoutMS: 20000.0ms, connectTimeoutMS: 20000.0ms)')>]>
2026-04-19 18:10:31,248 - ERROR - Failed to insert data: localhost:27017: [Errno 61] Connection refused (configured timeouts: socketTimeoutMS: 20000.0ms, connectTimeoutMS: 20000.0ms), Timeout: 2.0s, Topology Description: <TopologyDescription id: 69e4fd498b4e9aae5f5b38e3, topology_type: Unknown, servers: [<ServerDescription ('localhost', 27017) server_type: Unknown, rtt: None, error=AutoReconnect('localhost:27017: [Errno 61] Connection refused (configured timeouts: socketTimeoutMS: 20000.0ms, connectTimeoutMS: 20000.0ms)')>]>
2026-04-19 18:10:33,268 - ERROR - Failed to insert data: localhost:27017: [Errno 61] Connection refused (configured timeouts: socketTimeoutMS: 20000.0ms, connectTimeoutMS: 20000.0ms), Timeout: 2.0s, Topology Description: <TopologyDescription id: 69e4fd498b4e9aae5f5b38e3, topology_type: Unknown, servers: [<ServerDescription ('localhost', 27017) server_type: Unknown, rtt: None, error=AutoReconnect('localhost:27017: [Errno 61] Connection refused (configured timeouts: socketTimeoutMS: 20000.0ms, connectTimeoutMS: 20000.0ms)')>]>
2026-04-19 18:10:35,291 - ERROR - Failed to insert data: localhost:27017: [Errno 61] Connection refused (configured timeouts: socketTimeoutMS: 20000.0ms, connectTimeoutMS: 20000.0ms), Timeout: 2.0s, Topology Description: <TopologyDescription id: 69e4fd498b4e9aae5f5b38e3, topology_type: Unknown, servers: [<ServerDescription ('localhost', 27017) server_type: Unknown, rtt: None, error=AutoReconnect('localhost:27017: [Errno 61] Connection refused (configured timeouts: socketTimeoutMS: 20000.0ms, connectTimeoutMS: 20000.0ms)')>]>
2026-04-19 18:10:35,291 - INFO - Saved 150 parsed API records
2026-04-19 18:10:35,417 - INFO - Started uploading artists_page_1.json to music-pipeline-bucket
2026-04-19 18:10:41,409 - ERROR - S3 upload stage failed: Could not connect to the endpoint URL: "http://localhost:4566/music-pipeline-bucket/artists_page_1.json"
2026-04-19 18:10:41,411 - INFO - Extracting PDF: /Users/tarikhamzic/Desktop/coding projects/Unstructured_data_Music_Analysis_project/data/processed/documents/LastFM_Normal.pdf
2026-04-19 18:10:41,440 - INFO - Extracting PDF: /Users/tarikhamzic/Desktop/coding projects/Unstructured_data_Music_Analysis_project/data/processed/documents/LastFM_TwoColumn.pdf
2026-04-19 18:10:41,449 - INFO - Extracting DOCX: /Users/tarikhamzic/Desktop/coding projects/Unstructured_data_Music_Analysis_project/data/processed/documents/LastFM_Normal.docx
2026-04-19 18:10:41,460 - INFO - Extracting XLSX: /Users/tarikhamzic/Desktop/coding projects/Unstructured_data_Music_Analysis_project/data/processed/documents/LastFM_Data.xlsx
2026-04-19 18:10:41,480 - INFO - Extracted 6 document records
2026-04-19 18:10:43,863 - ERROR - Failed to save document extraction: localhost:27017: [Errno 61] Connection refused (configured timeouts: socketTimeoutMS: 20000.0ms, connectTimeoutMS: 20000.0ms), Timeout: 2.0s, Topology Description: <TopologyDescription id: 69e4fd498b4e9aae5f5b38e3, topology_type: Unknown, servers: [<ServerDescription ('localhost', 27017) server_type: Unknown, rtt: None, error=AutoReconnect('localhost:27017: [Errno 61] Connection refused (configured timeouts: socketTimeoutMS: 20000.0ms, connectTimeoutMS: 20000.0ms)')>]>
2026-04-19 18:10:45,879 - ERROR - Failed to save document extraction: localhost:27017: [Errno 61] Connection refused (configured timeouts: socketTimeoutMS: 20000.0ms, connectTimeoutMS: 20000.0ms), Timeout: 2.0s, Topology Description: <TopologyDescription id: 69e4fd498b4e9aae5f5b38e3, topology_type: Unknown, servers: [<ServerDescription ('localhost', 27017) server_type: Unknown, rtt: None, error=AutoReconnect('localhost:27017: [Errno 61] Connection refused (configured timeouts: socketTimeoutMS: 20000.0ms, connectTimeoutMS: 20000.0ms)')>]>
2026-04-19 18:10:47,905 - ERROR - Failed to save document extraction: localhost:27017: [Errno 61] Connection refused (configured timeouts: socketTimeoutMS: 20000.0ms, connectTimeoutMS: 20000.0ms), Timeout: 2.0s, Topology Description: <TopologyDescription id: 69e4fd498b4e9aae5f5b38e3, topology_type: Unknown, servers: [<ServerDescription ('localhost', 27017) server_type: Unknown, rtt: None, error=AutoReconnect('localhost:27017: [Errno 61] Connection refused (configured timeouts: socketTimeoutMS: 20000.0ms, connectTimeoutMS: 20000.0ms)')>]>
2026-04-19 18:10:49,927 - ERROR - Failed to save document extraction: localhost:27017: [Errno 61] Connection refused (configured timeouts: socketTimeoutMS: 20000.0ms, connectTimeoutMS: 20000.0ms), Timeout: 2.0s, Topology Description: <TopologyDescription id: 69e4fd498b4e9aae5f5b38e3, topology_type: Unknown, servers: [<ServerDescription ('localhost', 27017) server_type: Unknown, rtt: None, error=AutoReconnect('localhost:27017: [Errno 61] Connection refused (configured timeouts: socketTimeoutMS: 20000.0ms, connectTimeoutMS: 20000.0ms)')>]>
2026-04-19 18:10:51,948 - ERROR - Failed to save document extraction: localhost:27017: [Errno 61] Connection refused (configured timeouts: socketTimeoutMS: 20000.0ms, connectTimeoutMS: 20000.0ms), Timeout: 2.0s, Topology Description: <TopologyDescription id: 69e4fd498b4e9aae5f5b38e3, topology_type: Unknown, servers: [<ServerDescription ('localhost', 27017) server_type: Unknown, rtt: None, error=AutoReconnect('localhost:27017: [Errno 61] Connection refused (configured timeouts: socketTimeoutMS: 20000.0ms, connectTimeoutMS: 20000.0ms)')>]>
2026-04-19 18:10:53,955 - ERROR - Failed to save document extraction: localhost:27017: [Errno 61] Connection refused (configured timeouts: socketTimeoutMS: 20000.0ms, connectTimeoutMS: 20000.0ms), Timeout: 2.0s, Topology Description: <TopologyDescription id: 69e4fd498b4e9aae5f5b38e3, topology_type: Unknown, servers: [<ServerDescription ('localhost', 27017) server_type: Unknown, rtt: None, error=AutoReconnect('localhost:27017: [Errno 61] Connection refused (configured timeouts: socketTimeoutMS: 20000.0ms, connectTimeoutMS: 20000.0ms)')>]>
2026-04-19 18:10:53,955 - INFO - Saved 6 document extraction records
2026-04-19 18:10:53,967 - INFO - Scraped local HTML samples: 6 records
2026-04-19 18:10:57,408 - INFO - Dynamic JSON endpoint records: 10
2026-04-19 18:10:59,497 - ERROR - Failed to save document extraction: localhost:27017: [Errno 61] Connection refused (configured timeouts: socketTimeoutMS: 20000.0ms, connectTimeoutMS: 20000.0ms), Timeout: 2.0s, Topology Description: <TopologyDescription id: 69e4fd498b4e9aae5f5b38e3, topology_type: Unknown, servers: [<ServerDescription ('localhost', 27017) server_type: Unknown, rtt: None, error=AutoReconnect('localhost:27017: [Errno 61] Connection refused (configured timeouts: socketTimeoutMS: 20000.0ms, connectTimeoutMS: 20000.0ms)')>]>
2026-04-19 18:11:01,515 - ERROR - Failed to save document extraction: localhost:27017: [Errno 61] Connection refused (configured timeouts: socketTimeoutMS: 20000.0ms, connectTimeoutMS: 20000.0ms), Timeout: 2.0s, Topology Description: <TopologyDescription id: 69e4fd498b4e9aae5f5b38e3, topology_type: Unknown, servers: [<ServerDescription ('localhost', 27017) server_type: Unknown, rtt: None, error=AutoReconnect('localhost:27017: [Errno 61] Connection refused (configured timeouts: socketTimeoutMS: 20000.0ms, connectTimeoutMS: 20000.0ms)')>]>
2026-04-19 18:11:03,535 - ERROR - Failed to save document extraction: localhost:27017: [Errno 61] Connection refused (configured timeouts: socketTimeoutMS: 20000.0ms, connectTimeoutMS: 20000.0ms), Timeout: 2.0s, Topology Description: <TopologyDescription id: 69e4fd498b4e9aae5f5b38e3, topology_type: Unknown, servers: [<ServerDescription ('localhost', 27017) server_type: Unknown, rtt: None, error=AutoReconnect('localhost:27017: [Errno 61] Connection refused (configured timeouts: socketTimeoutMS: 20000.0ms, connectTimeoutMS: 20000.0ms)')>]>
2026-04-19 18:11:05,554 - ERROR - Failed to save document extraction: localhost:27017: [Errno 61] Connection refused (configured timeouts: socketTimeoutMS: 20000.0ms, connectTimeoutMS: 20000.0ms), Timeout: 2.0s, Topology Description: <TopologyDescription id: 69e4fd498b4e9aae5f5b38e3, topology_type: Unknown, servers: [<ServerDescription ('localhost', 27017) server_type: Unknown, rtt: None, error=AutoReconnect('localhost:27017: [Errno 61] Connection refused (configured timeouts: socketTimeoutMS: 20000.0ms, connectTimeoutMS: 20000.0ms)')>]>
2026-04-19 18:11:07,577 - ERROR - Failed to save document extraction: localhost:27017: [Errno 61] Connection refused (configured timeouts: socketTimeoutMS: 20000.0ms, connectTimeoutMS: 20000.0ms), Timeout: 2.0s, Topology Description: <TopologyDescription id: 69e4fd498b4e9aae5f5b38e3, topology_type: Unknown, servers: [<ServerDescription ('localhost', 27017) server_type: Unknown, rtt: None, error=AutoReconnect('localhost:27017: [Errno 61] Connection refused (configured timeouts: socketTimeoutMS: 20000.0ms, connectTimeoutMS: 20000.0ms)')>]>
2026-04-19 18:11:09,597 - ERROR - Failed to save document extraction: localhost:27017: [Errno 61] Connection refused (configured timeouts: socketTimeoutMS: 20000.0ms, connectTimeoutMS: 20000.0ms), Timeout: 2.0s, Topology Description: <TopologyDescription id: 69e4fd498b4e9aae5f5b38e3, topology_type: Unknown, servers: [<ServerDescription ('localhost', 27017) server_type: Unknown, rtt: None, error=AutoReconnect('localhost:27017: [Errno 61] Connection refused (configured timeouts: socketTimeoutMS: 20000.0ms, connectTimeoutMS: 20000.0ms)')>]>
2026-04-19 18:11:11,624 - ERROR - Failed to save document extraction: localhost:27017: [Errno 61] Connection refused (configured timeouts: socketTimeoutMS: 20000.0ms, connectTimeoutMS: 20000.0ms), Timeout: 2.0s, Topology Description: <TopologyDescription id: 69e4fd498b4e9aae5f5b38e3, topology_type: Unknown, servers: [<ServerDescription ('localhost', 27017) server_type: Unknown, rtt: None, error=AutoReconnect('localhost:27017: [Errno 61] Connection refused (configured timeouts: socketTimeoutMS: 20000.0ms, connectTimeoutMS: 20000.0ms)')>]>
2026-04-19 18:11:13,643 - ERROR - Failed to save document extraction: localhost:27017: [Errno 61] Connection refused (configured timeouts: socketTimeoutMS: 20000.0ms, connectTimeoutMS: 20000.0ms), Timeout: 2.0s, Topology Description: <TopologyDescription id: 69e4fd498b4e9aae5f5b38e3, topology_type: Unknown, servers: [<ServerDescription ('localhost', 27017) server_type: Unknown, rtt: None, error=AutoReconnect('localhost:27017: [Errno 61] Connection refused (configured timeouts: socketTimeoutMS: 20000.0ms, connectTimeoutMS: 20000.0ms)')>]>
2026-04-19 18:11:15,662 - ERROR - Failed to save document extraction: localhost:27017: [Errno 61] Connection refused (configured timeouts: socketTimeoutMS: 20000.0ms, connectTimeoutMS: 20000.0ms), Timeout: 2.0s, Topology Description: <TopologyDescription id: 69e4fd498b4e9aae5f5b38e3, topology_type: Unknown, servers: [<ServerDescription ('localhost', 27017) server_type: Unknown, rtt: None, error=AutoReconnect('localhost:27017: [Errno 61] Connection refused (configured timeouts: socketTimeoutMS: 20000.0ms, connectTimeoutMS: 20000.0ms)')>]>
2026-04-19 18:11:17,683 - ERROR - Failed to save document extraction: localhost:27017: [Errno 61] Connection refused (configured timeouts: socketTimeoutMS: 20000.0ms, connectTimeoutMS: 20000.0ms), Timeout: 2.0s, Topology Description: <TopologyDescription id: 69e4fd498b4e9aae5f5b38e3, topology_type: Unknown, servers: [<ServerDescription ('localhost', 27017) server_type: Unknown, rtt: None, error=AutoReconnect('localhost:27017: [Errno 61] Connection refused (configured timeouts: socketTimeoutMS: 20000.0ms, connectTimeoutMS: 20000.0ms)')>]>
2026-04-19 18:11:19,703 - ERROR - Failed to save document extraction: localhost:27017: [Errno 61] Connection refused (configured timeouts: socketTimeoutMS: 20000.0ms, connectTimeoutMS: 20000.0ms), Timeout: 2.0s, Topology Description: <TopologyDescription id: 69e4fd498b4e9aae5f5b38e3, topology_type: Unknown, servers: [<ServerDescription ('localhost', 27017) server_type: Unknown, rtt: None, error=AutoReconnect('localhost:27017: [Errno 61] Connection refused (configured timeouts: socketTimeoutMS: 20000.0ms, connectTimeoutMS: 20000.0ms)')>]>
2026-04-19 18:11:21,726 - ERROR - Failed to save document extraction: localhost:27017: [Errno 61] Connection refused (configured timeouts: socketTimeoutMS: 20000.0ms, connectTimeoutMS: 20000.0ms), Timeout: 2.0s, Topology Description: <TopologyDescription id: 69e4fd498b4e9aae5f5b38e3, topology_type: Unknown, servers: [<ServerDescription ('localhost', 27017) server_type: Unknown, rtt: None, error=AutoReconnect('localhost:27017: [Errno 61] Connection refused (configured timeouts: socketTimeoutMS: 20000.0ms, connectTimeoutMS: 20000.0ms)')>]>
2026-04-19 18:11:23,748 - ERROR - Failed to save document extraction: localhost:27017: [Errno 61] Connection refused (configured timeouts: socketTimeoutMS: 20000.0ms, connectTimeoutMS: 20000.0ms), Timeout: 2.0s, Topology Description: <TopologyDescription id: 69e4fd498b4e9aae5f5b38e3, topology_type: Unknown, servers: [<ServerDescription ('localhost', 27017) server_type: Unknown, rtt: None, error=AutoReconnect('localhost:27017: [Errno 61] Connection refused (configured timeouts: socketTimeoutMS: 20000.0ms, connectTimeoutMS: 20000.0ms)')>]>
2026-04-19 18:11:25,770 - ERROR - Failed to save document extraction: localhost:27017: [Errno 61] Connection refused (configured timeouts: socketTimeoutMS: 20000.0ms, connectTimeoutMS: 20000.0ms), Timeout: 2.0s, Topology Description: <TopologyDescription id: 69e4fd498b4e9aae5f5b38e3, topology_type: Unknown, servers: [<ServerDescription ('localhost', 27017) server_type: Unknown, rtt: None, error=AutoReconnect('localhost:27017: [Errno 61] Connection refused (configured timeouts: socketTimeoutMS: 20000.0ms, connectTimeoutMS: 20000.0ms)')>]>
2026-04-19 18:11:27,789 - ERROR - Failed to save document extraction: localhost:27017: [Errno 61] Connection refused (configured timeouts: socketTimeoutMS: 20000.0ms, connectTimeoutMS: 20000.0ms), Timeout: 2.0s, Topology Description: <TopologyDescription id: 69e4fd498b4e9aae5f5b38e3, topology_type: Unknown, servers: [<ServerDescription ('localhost', 27017) server_type: Unknown, rtt: None, error=AutoReconnect('localhost:27017: [Errno 61] Connection refused (configured timeouts: socketTimeoutMS: 20000.0ms, connectTimeoutMS: 20000.0ms)')>]>
2026-04-19 18:11:29,808 - ERROR - Failed to save document extraction: localhost:27017: [Errno 61] Connection refused (configured timeouts: socketTimeoutMS: 20000.0ms, connectTimeoutMS: 20000.0ms), Timeout: 2.0s, Topology Description: <TopologyDescription id: 69e4fd498b4e9aae5f5b38e3, topology_type: Unknown, servers: [<ServerDescription ('localhost', 27017) server_type: Unknown, rtt: None, error=AutoReconnect('localhost:27017: [Errno 61] Connection refused (configured timeouts: socketTimeoutMS: 20000.0ms, connectTimeoutMS: 20000.0ms)')>]>
2026-04-19 18:11:29,808 - INFO - Saved 16 scraped web records
2026-04-19 18:11:32,668 - INFO - OCR image extraction completed
2026-04-19 18:11:33,261 - INFO - OCR scanned PDF extraction completed
2026-04-19 18:11:35,387 - ERROR - Failed to save document extraction: localhost:27017: [Errno 61] Connection refused (configured timeouts: socketTimeoutMS: 20000.0ms, connectTimeoutMS: 20000.0ms), Timeout: 2.0s, Topology Description: <TopologyDescription id: 69e4fd498b4e9aae5f5b38e3, topology_type: Unknown, servers: [<ServerDescription ('localhost', 27017) server_type: Unknown, rtt: None, error=AutoReconnect('localhost:27017: [Errno 61] Connection refused (configured timeouts: socketTimeoutMS: 20000.0ms, connectTimeoutMS: 20000.0ms)')>]>
2026-04-19 18:11:37,405 - ERROR - Failed to save document extraction: localhost:27017: [Errno 61] Connection refused (configured timeouts: socketTimeoutMS: 20000.0ms, connectTimeoutMS: 20000.0ms), Timeout: 2.0s, Topology Description: <TopologyDescription id: 69e4fd498b4e9aae5f5b38e3, topology_type: Unknown, servers: [<ServerDescription ('localhost', 27017) server_type: Unknown, rtt: None, error=AutoReconnect('localhost:27017: [Errno 61] Connection refused (configured timeouts: socketTimeoutMS: 20000.0ms, connectTimeoutMS: 20000.0ms)')>]>
2026-04-19 18:11:37,406 - INFO - Saved 2 OCR records
2026-04-19 18:16:27,198 - INFO - Downloaded 50 images (max cap: 50)
2026-04-19 18:42:50,653 - ERROR - Failed processing image /Users/tarikhamzic/Desktop/coding projects/Unstructured_data_Music_Analysis_project/data/raw/images/poster_029.jpg: [Errno 60] Operation timed out: '/Users/tarikhamzic/Desktop/coding projects/Unstructured_data_Music_Analysis_project/data/processed/resized/poster_029_q82.jpg'
2026-04-19 18:51:14,708 - INFO - Audio inspection: api_preview.m4a (M4A) 29.98s
2026-04-19 18:51:14,773 - INFO - Audio inspection: sample_from_api_preview.flac (FLAC) 29.98s
2026-04-19 18:51:14,854 - INFO - Audio inspection: sample_from_api_preview.mp3 (MP3) 29.98s
2026-04-19 18:51:14,857 - INFO - Audio inspection: sample_from_api_preview.wav (WAV) 29.98s
2026-04-19 18:51:14,938 - INFO - Exported audio: /Users/tarikhamzic/Desktop/coding projects/Unstructured_data_Music_Analysis_project/data/processed/audio/trimmed_sample.wav
2026-04-19 18:51:15,102 - INFO - Exported audio: /Users/tarikhamzic/Desktop/coding projects/Unstructured_data_Music_Analysis_project/data/processed/audio/concatenated_sample.wav
2026-04-19 18:51:15,220 - INFO - Exported audio: /Users/tarikhamzic/Desktop/coding projects/Unstructured_data_Music_Analysis_project/data/processed/audio/louder_sample.mp3
2026-04-19 18:51:15,332 - INFO - Exported audio: /Users/tarikhamzic/Desktop/coding projects/Unstructured_data_Music_Analysis_project/data/processed/audio/quieter_sample.mp3
2026-04-19 18:51:15,405 - INFO - Exported audio: /Users/tarikhamzic/Desktop/coding projects/Unstructured_data_Music_Analysis_project/data/processed/audio/faded_sample.flac
2026-04-19 18:51:15,517 - INFO - Exported audio: /Users/tarikhamzic/Desktop/coding projects/Unstructured_data_Music_Analysis_project/data/processed/audio/trimmed_converted.mp3
2026-04-19 18:51:15,518 - INFO - Audio processing outputs generated: 6 files
2026-04-19 18:51:17,921 - INFO - HTTP Request: GET https://huggingface.co/api/models/Systran/faster-whisper-base/revision/main "HTTP/1.1 200 OK"
2026-04-19 18:51:18,232 - INFO - Loaded faster-whisper model: base (cpu/int8)
2026-04-19 18:51:18,343 - INFO - Processing audio with duration 00:59.951
2026-04-19 18:51:18,861 - INFO - VAD filter removed 00:59.951 of audio
2026-04-19 18:51:19,116 - INFO - Detected language 'en' with probability 0.57
2026-04-19 18:51:19,118 - INFO - Transcribed audio: /Users/tarikhamzic/Desktop/coding projects/Unstructured_data_Music_Analysis_project/data/processed/audio/concatenated_sample.wav (0 segments)
2026-04-19 18:51:19,119 - INFO - Saved transcript outputs for short_concatenated_sample
2026-04-19 18:51:19,122 - INFO - Chunk cache hit: chunk_0000.json
2026-04-19 18:51:19,122 - INFO - Chunked transcription progress: 1/1
2026-04-19 18:51:19,122 - INFO - Chunked transcription completed: /Users/tarikhamzic/Desktop/coding projects/Unstructured_data_Music_Analysis_project/data/processed/audio/concatenated_sample.wav (0 segments)
2026-04-19 18:51:23,461 - INFO - Video inspection: Timeline 1 obj.mov duration=25.32 fps=29.97002997002997 res=1920x1080
2026-04-19 18:51:23,481 - ERROR - Failed to inspect video /Users/tarikhamzic/Desktop/coding projects/Unstructured_data_Music_Analysis_project/data/raw/video/sample_video.mp4: Error passing `ffmpeg -i` command output:

Input #0, mov,mp4,m4a,3gp,3g2,mj2, from '/Users/tarikhamzic/Desktop/coding projects/Unstructured_data_Music_Analysis_project/data/raw/video/sample_video.mp4':
  Metadata:
    major_brand     : mp42
    minor_version   : 0
    compatible_brands: mp42isomavc1
    creation_time   : 2012-03-13T08:58:06.000000Z
    encoder         : HandBrake 0.9.6 2012022800
  Duration: 00:00:10.03, start: 0.000000, bitrate: 629 kb/s
  Chapters:
    Chapter #0:0: start 0.000000, end 10.000000
      Metadata:
        title           : Chapter 1
  Stream #0:0[0x1](und): Video: h264 (Main) (avc1 / 0x31637661), yuv420p(tv, smpte170m/smpte170m/bt709, progressive), 320x176, 300 kb/s, 25 fps, 25 tbr, 90k tbn (default)
      Metadata:
        creation_time   : 2012-03-13T08:58:06.000000Z
        vendor_id       : [0][0][0][0]
        encoder         : JVT/AVC Coding
  Stream #0:1[0x2](und): Audio: aac (LC) (mp4a / 0x6134706D), 48000 Hz, stereo, fltp, 160 kb/s (default)
      Metadata:
        creation_time   : 2012-03-13T08:58:06.000000Z
        vendor_id       : [0][0][0][0]
  Stream #0:2[0x3](und): Audio: aac (LC) (mp4a / 0x6134706D), 48000 Hz, stereo, fltp, 160 kb/s
      Metadata:
        creation_time   : 2012-03-13T08:58:06.000000Z
        vendor_id       : [0][0][0][0]
  Stream #0:3[0x4](und): Data: bin_data (text / 0x74786574), 0 kb/s
      Metadata:
        creation_time   : 2012-03-13T08:58:06.000000Z
At least one output file must be specified

2026-04-19 18:51:23,883 - INFO - Extracted audio from video: /Users/tarikhamzic/Desktop/coding projects/Unstructured_data_Music_Analysis_project/data/raw/video/Timeline 1 obj.mov -> /Users/tarikhamzic/Desktop/coding projects/Unstructured_data_Music_Analysis_project/data/processed/audio/Timeline 1 obj_audio.mp3
2026-04-19 18:51:25,893 - INFO - Extracted 6 keyframes from /Users/tarikhamzic/Desktop/coding projects/Unstructured_data_Music_Analysis_project/data/raw/video/Timeline 1 obj.mov
2026-04-19 18:51:25,923 - ERROR - Failed extracting audio from video /Users/tarikhamzic/Desktop/coding projects/Unstructured_data_Music_Analysis_project/data/raw/video/sample_video.mp4: Error passing `ffmpeg -i` command output:

Input #0, mov,mp4,m4a,3gp,3g2,mj2, from '/Users/tarikhamzic/Desktop/coding projects/Unstructured_data_Music_Analysis_project/data/raw/video/sample_video.mp4':
  Metadata:
    major_brand     : mp42
    minor_version   : 0
    compatible_brands: mp42isomavc1
    creation_time   : 2012-03-13T08:58:06.000000Z
    encoder         : HandBrake 0.9.6 2012022800
  Duration: 00:00:10.03, start: 0.000000, bitrate: 629 kb/s
  Chapters:
    Chapter #0:0: start 0.000000, end 10.000000
      Metadata:
        title           : Chapter 1
  Stream #0:0[0x1](und): Video: h264 (Main) (avc1 / 0x31637661), yuv420p(tv, smpte170m/smpte170m/bt709, progressive), 320x176, 300 kb/s, 25 fps, 25 tbr, 90k tbn (default)
      Metadata:
        creation_time   : 2012-03-13T08:58:06.000000Z
        vendor_id       : [0][0][0][0]
        encoder         : JVT/AVC Coding
  Stream #0:1[0x2](und): Audio: aac (LC) (mp4a / 0x6134706D), 48000 Hz, stereo, fltp, 160 kb/s (default)
      Metadata:
        creation_time   : 2012-03-13T08:58:06.000000Z
        vendor_id       : [0][0][0][0]
  Stream #0:2[0x3](und): Audio: aac (LC) (mp4a / 0x6134706D), 48000 Hz, stereo, fltp, 160 kb/s
      Metadata:
        creation_time   : 2012-03-13T08:58:06.000000Z
        vendor_id       : [0][0][0][0]
  Stream #0:3[0x4](und): Data: bin_data (text / 0x74786574), 0 kb/s
      Metadata:
        creation_time   : 2012-03-13T08:58:06.000000Z
At least one output file must be specified

2026-04-19 18:51:25,940 - ERROR - Failed keyframe extraction for /Users/tarikhamzic/Desktop/coding projects/Unstructured_data_Music_Analysis_project/data/raw/video/sample_video.mp4: Error passing `ffmpeg -i` command output:

Input #0, mov,mp4,m4a,3gp,3g2,mj2, from '/Users/tarikhamzic/Desktop/coding projects/Unstructured_data_Music_Analysis_project/data/raw/video/sample_video.mp4':
  Metadata:
    major_brand     : mp42
    minor_version   : 0
    compatible_brands: mp42isomavc1
    creation_time   : 2012-03-13T08:58:06.000000Z
    encoder         : HandBrake 0.9.6 2012022800
  Duration: 00:00:10.03, start: 0.000000, bitrate: 629 kb/s
  Chapters:
    Chapter #0:0: start 0.000000, end 10.000000
      Metadata:
        title           : Chapter 1
  Stream #0:0[0x1](und): Video: h264 (Main) (avc1 / 0x31637661), yuv420p(tv, smpte170m/smpte170m/bt709, progressive), 320x176, 300 kb/s, 25 fps, 25 tbr, 90k tbn (default)
      Metadata:
        creation_time   : 2012-03-13T08:58:06.000000Z
        vendor_id       : [0][0][0][0]
        encoder         : JVT/AVC Coding
  Stream #0:1[0x2](und): Audio: aac (LC) (mp4a / 0x6134706D), 48000 Hz, stereo, fltp, 160 kb/s (default)
      Metadata:
        creation_time   : 2012-03-13T08:58:06.000000Z
        vendor_id       : [0][0][0][0]
  Stream #0:2[0x3](und): Audio: aac (LC) (mp4a / 0x6134706D), 48000 Hz, stereo, fltp, 160 kb/s
      Metadata:
        creation_time   : 2012-03-13T08:58:06.000000Z
        vendor_id       : [0][0][0][0]
  Stream #0:3[0x4](und): Data: bin_data (text / 0x74786574), 0 kb/s
      Metadata:
        creation_time   : 2012-03-13T08:58:06.000000Z
At least one output file must be specified

2026-04-19 18:52:23,681 - INFO - HTTP Request: GET https://huggingface.co/api/models/Systran/faster-whisper-base/revision/main "HTTP/1.1 200 OK"
2026-04-19 18:52:24,024 - INFO - Loaded faster-whisper model: base (cpu/int8)
2026-04-19 18:52:24,110 - INFO - Processing audio with duration 00:25.320
2026-04-19 18:52:24,299 - INFO - VAD filter removed 00:00.000 of audio
2026-04-19 18:52:24,637 - INFO - Detected language 'en' with probability 1.00
2026-04-19 18:52:26,788 - INFO - Transcribed audio: data/processed/audio/Timeline 1 obj_audio.mp3 (4 segments)
2026-04-19 18:52:26,789 - INFO - Saved transcript outputs for timeline_obj
2026-04-19 18:52:46,710 - ERROR - Failed to save transcript: localhost:27017: [Errno 61] Connection refused (configured timeouts: socketTimeoutMS: 20000.0ms, connectTimeoutMS: 20000.0ms), Timeout: 2.0s, Topology Description: <TopologyDescription id: 69e5085c14068630e14f8d97, topology_type: Unknown, servers: [<ServerDescription ('localhost', 27017) server_type: Unknown, rtt: None, error=AutoReconnect('localhost:27017: [Errno 61] Connection refused (configured timeouts: socketTimeoutMS: 20000.0ms, connectTimeoutMS: 20000.0ms)')>]>
2026-04-19 18:56:49,398 - INFO - Audio inspection: api_preview.m4a (M4A) 29.98s
2026-04-19 18:56:49,470 - INFO - Audio inspection: sample_from_api_preview.flac (FLAC) 29.98s
2026-04-19 18:56:49,556 - INFO - Audio inspection: sample_from_api_preview.mp3 (MP3) 29.98s
2026-04-19 18:56:49,559 - INFO - Audio inspection: sample_from_api_preview.wav (WAV) 29.98s
2026-04-19 18:56:49,644 - INFO - Exported audio: /Users/tarikhamzic/Desktop/coding projects/Unstructured_data_Music_Analysis_project/data/processed/audio/trimmed_sample.wav
2026-04-19 18:56:49,823 - INFO - Exported audio: /Users/tarikhamzic/Desktop/coding projects/Unstructured_data_Music_Analysis_project/data/processed/audio/concatenated_sample.wav
2026-04-19 18:56:49,947 - INFO - Exported audio: /Users/tarikhamzic/Desktop/coding projects/Unstructured_data_Music_Analysis_project/data/processed/audio/louder_sample.mp3
2026-04-19 18:56:50,065 - INFO - Exported audio: /Users/tarikhamzic/Desktop/coding projects/Unstructured_data_Music_Analysis_project/data/processed/audio/quieter_sample.mp3
2026-04-19 18:56:50,140 - INFO - Exported audio: /Users/tarikhamzic/Desktop/coding projects/Unstructured_data_Music_Analysis_project/data/processed/audio/faded_sample.flac
2026-04-19 18:56:50,253 - INFO - Exported audio: /Users/tarikhamzic/Desktop/coding projects/Unstructured_data_Music_Analysis_project/data/processed/audio/trimmed_converted.mp3
2026-04-19 18:56:50,254 - INFO - Audio processing outputs generated: 6 files
2026-04-19 18:56:51,629 - INFO - HTTP Request: GET https://huggingface.co/api/models/Systran/faster-whisper-base/revision/main "HTTP/1.1 200 OK"
2026-04-19 18:56:51,926 - INFO - Loaded faster-whisper model: base (cpu/int8)
2026-04-19 18:56:52,015 - INFO - Processing audio with duration 00:25.320
2026-04-19 18:56:52,185 - INFO - VAD filter removed 00:00.000 of audio
2026-04-19 18:56:52,459 - INFO - Detected language 'en' with probability 1.00
2026-04-19 18:56:54,118 - INFO - Transcribed audio: /Users/tarikhamzic/Desktop/coding projects/Unstructured_data_Music_Analysis_project/data/processed/audio/Timeline 1 obj_audio.mp3 (4 segments)
2026-04-19 18:56:54,119 - INFO - Saved transcript outputs for short_Timeline 1 obj_audio
2026-04-19 18:56:54,122 - INFO - Chunk cache hit: chunk_0000.json
2026-04-19 18:56:54,123 - INFO - Chunked transcription progress: 1/1
2026-04-19 18:56:54,123 - INFO - Chunked transcription completed: /Users/tarikhamzic/Desktop/coding projects/Unstructured_data_Music_Analysis_project/data/processed/audio/concatenated_sample.wav (0 segments)
2026-04-19 18:56:54,724 - INFO - Video inspection: Timeline 1 obj.mov duration=25.32 fps=29.97002997002997 res=1920x1080
2026-04-19 18:56:54,743 - ERROR - Failed to inspect video /Users/tarikhamzic/Desktop/coding projects/Unstructured_data_Music_Analysis_project/data/raw/video/sample_video.mp4: Error passing `ffmpeg -i` command output:

Input #0, mov,mp4,m4a,3gp,3g2,mj2, from '/Users/tarikhamzic/Desktop/coding projects/Unstructured_data_Music_Analysis_project/data/raw/video/sample_video.mp4':
  Metadata:
    major_brand     : mp42
    minor_version   : 0
    compatible_brands: mp42isomavc1
    creation_time   : 2012-03-13T08:58:06.000000Z
    encoder         : HandBrake 0.9.6 2012022800
  Duration: 00:00:10.03, start: 0.000000, bitrate: 629 kb/s
  Chapters:
    Chapter #0:0: start 0.000000, end 10.000000
      Metadata:
        title           : Chapter 1
  Stream #0:0[0x1](und): Video: h264 (Main) (avc1 / 0x31637661), yuv420p(tv, smpte170m/smpte170m/bt709, progressive), 320x176, 300 kb/s, 25 fps, 25 tbr, 90k tbn (default)
      Metadata:
        creation_time   : 2012-03-13T08:58:06.000000Z
        vendor_id       : [0][0][0][0]
        encoder         : JVT/AVC Coding
  Stream #0:1[0x2](und): Audio: aac (LC) (mp4a / 0x6134706D), 48000 Hz, stereo, fltp, 160 kb/s (default)
      Metadata:
        creation_time   : 2012-03-13T08:58:06.000000Z
        vendor_id       : [0][0][0][0]
  Stream #0:2[0x3](und): Audio: aac (LC) (mp4a / 0x6134706D), 48000 Hz, stereo, fltp, 160 kb/s
      Metadata:
        creation_time   : 2012-03-13T08:58:06.000000Z
        vendor_id       : [0][0][0][0]
  Stream #0:3[0x4](und): Data: bin_data (text / 0x74786574), 0 kb/s
      Metadata:
        creation_time   : 2012-03-13T08:58:06.000000Z
At least one output file must be specified

2026-04-19 18:56:55,200 - INFO - Extracted audio from video: /Users/tarikhamzic/Desktop/coding projects/Unstructured_data_Music_Analysis_project/data/raw/video/Timeline 1 obj.mov -> /Users/tarikhamzic/Desktop/coding projects/Unstructured_data_Music_Analysis_project/data/processed/audio/Timeline 1 obj_audio.mp3
2026-04-19 18:56:57,373 - INFO - Extracted 6 keyframes from /Users/tarikhamzic/Desktop/coding projects/Unstructured_data_Music_Analysis_project/data/raw/video/Timeline 1 obj.mov
2026-04-19 18:56:57,396 - ERROR - Failed extracting audio from video /Users/tarikhamzic/Desktop/coding projects/Unstructured_data_Music_Analysis_project/data/raw/video/sample_video.mp4: Error passing `ffmpeg -i` command output:

Input #0, mov,mp4,m4a,3gp,3g2,mj2, from '/Users/tarikhamzic/Desktop/coding projects/Unstructured_data_Music_Analysis_project/data/raw/video/sample_video.mp4':
  Metadata:
    major_brand     : mp42
    minor_version   : 0
    compatible_brands: mp42isomavc1
    creation_time   : 2012-03-13T08:58:06.000000Z
    encoder         : HandBrake 0.9.6 2012022800
  Duration: 00:00:10.03, start: 0.000000, bitrate: 629 kb/s
  Chapters:
    Chapter #0:0: start 0.000000, end 10.000000
      Metadata:
        title           : Chapter 1
  Stream #0:0[0x1](und): Video: h264 (Main) (avc1 / 0x31637661), yuv420p(tv, smpte170m/smpte170m/bt709, progressive), 320x176, 300 kb/s, 25 fps, 25 tbr, 90k tbn (default)
      Metadata:
        creation_time   : 2012-03-13T08:58:06.000000Z
        vendor_id       : [0][0][0][0]
        encoder         : JVT/AVC Coding
  Stream #0:1[0x2](und): Audio: aac (LC) (mp4a / 0x6134706D), 48000 Hz, stereo, fltp, 160 kb/s (default)
      Metadata:
        creation_time   : 2012-03-13T08:58:06.000000Z
        vendor_id       : [0][0][0][0]
  Stream #0:2[0x3](und): Audio: aac (LC) (mp4a / 0x6134706D), 48000 Hz, stereo, fltp, 160 kb/s
      Metadata:
        creation_time   : 2012-03-13T08:58:06.000000Z
        vendor_id       : [0][0][0][0]
  Stream #0:3[0x4](und): Data: bin_data (text / 0x74786574), 0 kb/s
      Metadata:
        creation_time   : 2012-03-13T08:58:06.000000Z
At least one output file must be specified

2026-04-19 18:56:57,410 - ERROR - Failed keyframe extraction for /Users/tarikhamzic/Desktop/coding projects/Unstructured_data_Music_Analysis_project/data/raw/video/sample_video.mp4: Error passing `ffmpeg -i` command output:

Input #0, mov,mp4,m4a,3gp,3g2,mj2, from '/Users/tarikhamzic/Desktop/coding projects/Unstructured_data_Music_Analysis_project/data/raw/video/sample_video.mp4':
  Metadata:
    major_brand     : mp42
    minor_version   : 0
    compatible_brands: mp42isomavc1
    creation_time   : 2012-03-13T08:58:06.000000Z
    encoder         : HandBrake 0.9.6 2012022800
  Duration: 00:00:10.03, start: 0.000000, bitrate: 629 kb/s
  Chapters:
    Chapter #0:0: start 0.000000, end 10.000000
      Metadata:
        title           : Chapter 1
  Stream #0:0[0x1](und): Video: h264 (Main) (avc1 / 0x31637661), yuv420p(tv, smpte170m/smpte170m/bt709, progressive), 320x176, 300 kb/s, 25 fps, 25 tbr, 90k tbn (default)
      Metadata:
        creation_time   : 2012-03-13T08:58:06.000000Z
        vendor_id       : [0][0][0][0]
        encoder         : JVT/AVC Coding
  Stream #0:1[0x2](und): Audio: aac (LC) (mp4a / 0x6134706D), 48000 Hz, stereo, fltp, 160 kb/s (default)
      Metadata:
        creation_time   : 2012-03-13T08:58:06.000000Z
        vendor_id       : [0][0][0][0]
  Stream #0:2[0x3](und): Audio: aac (LC) (mp4a / 0x6134706D), 48000 Hz, stereo, fltp, 160 kb/s
      Metadata:
        creation_time   : 2012-03-13T08:58:06.000000Z
        vendor_id       : [0][0][0][0]
  Stream #0:3[0x4](und): Data: bin_data (text / 0x74786574), 0 kb/s
      Metadata:
        creation_time   : 2012-03-13T08:58:06.000000Z
At least one output file must be specified

2026-04-19 18:57:40,884 - INFO - Image batch complete: inputs=50, processed=53, drive_uploads=0
2026-04-19 18:57:43,396 - ERROR - Failed to save image metadata: localhost:27017: [Errno 61] Connection refused (configured timeouts: socketTimeoutMS: 20000.0ms, connectTimeoutMS: 20000.0ms), Timeout: 2.0s, Topology Description: <TopologyDescription id: 69e4fd498b4e9aae5f5b38e3, topology_type: Unknown, servers: [<ServerDescription ('localhost', 27017) server_type: Unknown, rtt: None, error=AutoReconnect('localhost:27017: [Errno 61] Connection refused (configured timeouts: socketTimeoutMS: 20000.0ms, connectTimeoutMS: 20000.0ms)')>]>
2026-04-19 18:57:45,411 - ERROR - Failed to save image metadata: localhost:27017: [Errno 61] Connection refused (configured timeouts: socketTimeoutMS: 20000.0ms, connectTimeoutMS: 20000.0ms), Timeout: 2.0s, Topology Description: <TopologyDescription id: 69e4fd498b4e9aae5f5b38e3, topology_type: Unknown, servers: [<ServerDescription ('localhost', 27017) server_type: Unknown, rtt: None, error=AutoReconnect('localhost:27017: [Errno 61] Connection refused (configured timeouts: socketTimeoutMS: 20000.0ms, connectTimeoutMS: 20000.0ms)')>]>
2026-04-19 18:57:47,434 - ERROR - Failed to save image metadata: localhost:27017: [Errno 61] Connection refused (configured timeouts: socketTimeoutMS: 20000.0ms, connectTimeoutMS: 20000.0ms), Timeout: 2.0s, Topology Description: <TopologyDescription id: 69e4fd498b4e9aae5f5b38e3, topology_type: Unknown, servers: [<ServerDescription ('localhost', 27017) server_type: Unknown, rtt: None, error=AutoReconnect('localhost:27017: [Errno 61] Connection refused (configured timeouts: socketTimeoutMS: 20000.0ms, connectTimeoutMS: 20000.0ms)')>]>
2026-04-19 18:57:49,456 - ERROR - Failed to save image metadata: localhost:27017: [Errno 61] Connection refused (configured timeouts: socketTimeoutMS: 20000.0ms, connectTimeoutMS: 20000.0ms), Timeout: 2.0s, Topology Description: <TopologyDescription id: 69e4fd498b4e9aae5f5b38e3, topology_type: Unknown, servers: [<ServerDescription ('localhost', 27017) server_type: Unknown, rtt: None, error=AutoReconnect('localhost:27017: [Errno 61] Connection refused (configured timeouts: socketTimeoutMS: 20000.0ms, connectTimeoutMS: 20000.0ms)')>]>
2026-04-19 18:57:51,480 - ERROR - Failed to save image metadata: localhost:27017: [Errno 61] Connection refused (configured timeouts: socketTimeoutMS: 20000.0ms, connectTimeoutMS: 20000.0ms), Timeout: 2.0s, Topology Description: <TopologyDescription id: 69e4fd498b4e9aae5f5b38e3, topology_type: Unknown, servers: [<ServerDescription ('localhost', 27017) server_type: Unknown, rtt: None, error=AutoReconnect('localhost:27017: [Errno 61] Connection refused (configured timeouts: socketTimeoutMS: 20000.0ms, connectTimeoutMS: 20000.0ms)')>]>
2026-04-19 18:57:53,500 - ERROR - Failed to save image metadata: localhost:27017: [Errno 61] Connection refused (configured timeouts: socketTimeoutMS: 20000.0ms, connectTimeoutMS: 20000.0ms), Timeout: 2.0s, Topology Description: <TopologyDescription id: 69e4fd498b4e9aae5f5b38e3, topology_type: Unknown, servers: [<ServerDescription ('localhost', 27017) server_type: Unknown, rtt: None, error=AutoReconnect('localhost:27017: [Errno 61] Connection refused (configured timeouts: socketTimeoutMS: 20000.0ms, connectTimeoutMS: 20000.0ms)')>]>
2026-04-19 18:57:55,521 - ERROR - Failed to save image metadata: localhost:27017: [Errno 61] Connection refused (configured timeouts: socketTimeoutMS: 20000.0ms, connectTimeoutMS: 20000.0ms), Timeout: 2.0s, Topology Description: <TopologyDescription id: 69e4fd498b4e9aae5f5b38e3, topology_type: Unknown, servers: [<ServerDescription ('localhost', 27017) server_type: Unknown, rtt: None, error=AutoReconnect('localhost:27017: [Errno 61] Connection refused (configured timeouts: socketTimeoutMS: 20000.0ms, connectTimeoutMS: 20000.0ms)')>]>
2026-04-19 18:57:57,542 - ERROR - Failed to save image metadata: localhost:27017: [Errno 61] Connection refused (configured timeouts: socketTimeoutMS: 20000.0ms, connectTimeoutMS: 20000.0ms), Timeout: 2.0s, Topology Description: <TopologyDescription id: 69e4fd498b4e9aae5f5b38e3, topology_type: Unknown, servers: [<ServerDescription ('localhost', 27017) server_type: Unknown, rtt: None, error=AutoReconnect('localhost:27017: [Errno 61] Connection refused (configured timeouts: socketTimeoutMS: 20000.0ms, connectTimeoutMS: 20000.0ms)')>]>
2026-04-19 18:57:59,564 - ERROR - Failed to save image metadata: localhost:27017: [Errno 61] Connection refused (configured timeouts: socketTimeoutMS: 20000.0ms, connectTimeoutMS: 20000.0ms), Timeout: 2.0s, Topology Description: <TopologyDescription id: 69e4fd498b4e9aae5f5b38e3, topology_type: Unknown, servers: [<ServerDescription ('localhost', 27017) server_type: Unknown, rtt: None, error=AutoReconnect('localhost:27017: [Errno 61] Connection refused (configured timeouts: socketTimeoutMS: 20000.0ms, connectTimeoutMS: 20000.0ms)')>]>
2026-04-19 18:58:01,583 - ERROR - Failed to save image metadata: localhost:27017: [Errno 61] Connection refused (configured timeouts: socketTimeoutMS: 20000.0ms, connectTimeoutMS: 20000.0ms), Timeout: 2.0s, Topology Description: <TopologyDescription id: 69e4fd498b4e9aae5f5b38e3, topology_type: Unknown, servers: [<ServerDescription ('localhost', 27017) server_type: Unknown, rtt: None, error=AutoReconnect('localhost:27017: [Errno 61] Connection refused (configured timeouts: socketTimeoutMS: 20000.0ms, connectTimeoutMS: 20000.0ms)')>]>
2026-04-19 18:58:03,604 - ERROR - Failed to save image metadata: localhost:27017: [Errno 61] Connection refused (configured timeouts: socketTimeoutMS: 20000.0ms, connectTimeoutMS: 20000.0ms), Timeout: 2.0s, Topology Description: <TopologyDescription id: 69e4fd498b4e9aae5f5b38e3, topology_type: Unknown, servers: [<ServerDescription ('localhost', 27017) server_type: Unknown, rtt: None, error=AutoReconnect('localhost:27017: [Errno 61] Connection refused (configured timeouts: socketTimeoutMS: 20000.0ms, connectTimeoutMS: 20000.0ms)')>]>
2026-04-19 18:58:05,626 - ERROR - Failed to save image metadata: localhost:27017: [Errno 61] Connection refused (configured timeouts: socketTimeoutMS: 20000.0ms, connectTimeoutMS: 20000.0ms), Timeout: 2.0s, Topology Description: <TopologyDescription id: 69e4fd498b4e9aae5f5b38e3, topology_type: Unknown, servers: [<ServerDescription ('localhost', 27017) server_type: Unknown, rtt: None, error=AutoReconnect('localhost:27017: [Errno 61] Connection refused (configured timeouts: socketTimeoutMS: 20000.0ms, connectTimeoutMS: 20000.0ms)')>]>
2026-04-19 18:58:07,643 - ERROR - Failed to save image metadata: localhost:27017: [Errno 61] Connection refused (configured timeouts: socketTimeoutMS: 20000.0ms, connectTimeoutMS: 20000.0ms), Timeout: 2.0s, Topology Description: <TopologyDescription id: 69e4fd498b4e9aae5f5b38e3, topology_type: Unknown, servers: [<ServerDescription ('localhost', 27017) server_type: Unknown, rtt: None, error=AutoReconnect('localhost:27017: [Errno 61] Connection refused (configured timeouts: socketTimeoutMS: 20000.0ms, connectTimeoutMS: 20000.0ms)')>]>
2026-04-19 18:58:09,663 - ERROR - Failed to save image metadata: localhost:27017: [Errno 61] Connection refused (configured timeouts: socketTimeoutMS: 20000.0ms, connectTimeoutMS: 20000.0ms), Timeout: 2.0s, Topology Description: <TopologyDescription id: 69e4fd498b4e9aae5f5b38e3, topology_type: Unknown, servers: [<ServerDescription ('localhost', 27017) server_type: Unknown, rtt: None, error=AutoReconnect('localhost:27017: [Errno 61] Connection refused (configured timeouts: socketTimeoutMS: 20000.0ms, connectTimeoutMS: 20000.0ms)')>]>
2026-04-19 18:58:11,690 - ERROR - Failed to save image metadata: localhost:27017: [Errno 61] Connection refused (configured timeouts: socketTimeoutMS: 20000.0ms, connectTimeoutMS: 20000.0ms), Timeout: 2.0s, Topology Description: <TopologyDescription id: 69e4fd498b4e9aae5f5b38e3, topology_type: Unknown, servers: [<ServerDescription ('localhost', 27017) server_type: Unknown, rtt: None, error=AutoReconnect('localhost:27017: [Errno 61] Connection refused (configured timeouts: socketTimeoutMS: 20000.0ms, connectTimeoutMS: 20000.0ms)')>]>
2026-04-19 18:58:13,753 - ERROR - Failed to save image metadata: localhost:27017: [Errno 61] Connection refused (configured timeouts: socketTimeoutMS: 20000.0ms, connectTimeoutMS: 20000.0ms), Timeout: 2.0s, Topology Description: <TopologyDescription id: 69e4fd498b4e9aae5f5b38e3, topology_type: Unknown, servers: [<ServerDescription ('localhost', 27017) server_type: Unknown, rtt: None, error=AutoReconnect('localhost:27017: [Errno 61] Connection refused (configured timeouts: socketTimeoutMS: 20000.0ms, connectTimeoutMS: 20000.0ms)')>]>
2026-04-19 18:58:15,785 - ERROR - Failed to save image metadata: localhost:27017: [Errno 61] Connection refused (configured timeouts: socketTimeoutMS: 20000.0ms, connectTimeoutMS: 20000.0ms), Timeout: 2.0s, Topology Description: <TopologyDescription id: 69e4fd498b4e9aae5f5b38e3, topology_type: Unknown, servers: [<ServerDescription ('localhost', 27017) server_type: Unknown, rtt: None, error=AutoReconnect('localhost:27017: [Errno 61] Connection refused (configured timeouts: socketTimeoutMS: 20000.0ms, connectTimeoutMS: 20000.0ms)')>]>
2026-04-19 18:58:17,806 - ERROR - Failed to save image metadata: localhost:27017: [Errno 61] Connection refused (configured timeouts: socketTimeoutMS: 20000.0ms, connectTimeoutMS: 20000.0ms), Timeout: 2.0s, Topology Description: <TopologyDescription id: 69e4fd498b4e9aae5f5b38e3, topology_type: Unknown, servers: [<ServerDescription ('localhost', 27017) server_type: Unknown, rtt: None, error=AutoReconnect('localhost:27017: [Errno 61] Connection refused (configured timeouts: socketTimeoutMS: 20000.0ms, connectTimeoutMS: 20000.0ms)')>]>
2026-04-19 18:58:19,823 - ERROR - Failed to save image metadata: localhost:27017: [Errno 61] Connection refused (configured timeouts: socketTimeoutMS: 20000.0ms, connectTimeoutMS: 20000.0ms), Timeout: 2.0s, Topology Description: <TopologyDescription id: 69e4fd498b4e9aae5f5b38e3, topology_type: Unknown, servers: [<ServerDescription ('localhost', 27017) server_type: Unknown, rtt: None, error=AutoReconnect('localhost:27017: [Errno 61] Connection refused (configured timeouts: socketTimeoutMS: 20000.0ms, connectTimeoutMS: 20000.0ms)')>]>
2026-04-19 18:58:21,843 - ERROR - Failed to save image metadata: localhost:27017: [Errno 61] Connection refused (configured timeouts: socketTimeoutMS: 20000.0ms, connectTimeoutMS: 20000.0ms), Timeout: 2.0s, Topology Description: <TopologyDescription id: 69e4fd498b4e9aae5f5b38e3, topology_type: Unknown, servers: [<ServerDescription ('localhost', 27017) server_type: Unknown, rtt: None, error=AutoReconnect('localhost:27017: [Errno 61] Connection refused (configured timeouts: socketTimeoutMS: 20000.0ms, connectTimeoutMS: 20000.0ms)')>]>
2026-04-19 18:58:23,866 - ERROR - Failed to save image metadata: localhost:27017: [Errno 61] Connection refused (configured timeouts: socketTimeoutMS: 20000.0ms, connectTimeoutMS: 20000.0ms), Timeout: 2.0s, Topology Description: <TopologyDescription id: 69e4fd498b4e9aae5f5b38e3, topology_type: Unknown, servers: [<ServerDescription ('localhost', 27017) server_type: Unknown, rtt: None, error=AutoReconnect('localhost:27017: [Errno 61] Connection refused (configured timeouts: socketTimeoutMS: 20000.0ms, connectTimeoutMS: 20000.0ms)')>]>
2026-04-19 18:58:25,876 - ERROR - Failed to save image metadata: localhost:27017: [Errno 61] Connection refused (configured timeouts: socketTimeoutMS: 20000.0ms, connectTimeoutMS: 20000.0ms), Timeout: 2.0s, Topology Description: <TopologyDescription id: 69e4fd498b4e9aae5f5b38e3, topology_type: Unknown, servers: [<ServerDescription ('localhost', 27017) server_type: Unknown, rtt: None, error=AutoReconnect('localhost:27017: [Errno 61] Connection refused (configured timeouts: socketTimeoutMS: 20000.0ms, connectTimeoutMS: 20000.0ms)')>]>
2026-04-19 18:58:27,898 - ERROR - Failed to save image metadata: localhost:27017: [Errno 61] Connection refused (configured timeouts: socketTimeoutMS: 20000.0ms, connectTimeoutMS: 20000.0ms), Timeout: 2.0s, Topology Description: <TopologyDescription id: 69e4fd498b4e9aae5f5b38e3, topology_type: Unknown, servers: [<ServerDescription ('localhost', 27017) server_type: Unknown, rtt: None, error=AutoReconnect('localhost:27017: [Errno 61] Connection refused (configured timeouts: socketTimeoutMS: 20000.0ms, connectTimeoutMS: 20000.0ms)')>]>
2026-04-19 18:58:29,918 - ERROR - Failed to save image metadata: localhost:27017: [Errno 61] Connection refused (configured timeouts: socketTimeoutMS: 20000.0ms, connectTimeoutMS: 20000.0ms), Timeout: 2.0s, Topology Description: <TopologyDescription id: 69e4fd498b4e9aae5f5b38e3, topology_type: Unknown, servers: [<ServerDescription ('localhost', 27017) server_type: Unknown, rtt: None, error=AutoReconnect('localhost:27017: [Errno 61] Connection refused (configured timeouts: socketTimeoutMS: 20000.0ms, connectTimeoutMS: 20000.0ms)')>]>
2026-04-19 18:58:31,935 - ERROR - Failed to save image metadata: localhost:27017: [Errno 61] Connection refused (configured timeouts: socketTimeoutMS: 20000.0ms, connectTimeoutMS: 20000.0ms), Timeout: 2.0s, Topology Description: <TopologyDescription id: 69e4fd498b4e9aae5f5b38e3, topology_type: Unknown, servers: [<ServerDescription ('localhost', 27017) server_type: Unknown, rtt: None, error=AutoReconnect('localhost:27017: [Errno 61] Connection refused (configured timeouts: socketTimeoutMS: 20000.0ms, connectTimeoutMS: 20000.0ms)')>]>
2026-04-19 18:58:33,955 - ERROR - Failed to save image metadata: localhost:27017: [Errno 61] Connection refused (configured timeouts: socketTimeoutMS: 20000.0ms, connectTimeoutMS: 20000.0ms), Timeout: 2.0s, Topology Description: <TopologyDescription id: 69e4fd498b4e9aae5f5b38e3, topology_type: Unknown, servers: [<ServerDescription ('localhost', 27017) server_type: Unknown, rtt: None, error=AutoReconnect('localhost:27017: [Errno 61] Connection refused (configured timeouts: socketTimeoutMS: 20000.0ms, connectTimeoutMS: 20000.0ms)')>]>
2026-04-19 18:58:35,977 - ERROR - Failed to save image metadata: localhost:27017: [Errno 61] Connection refused (configured timeouts: socketTimeoutMS: 20000.0ms, connectTimeoutMS: 20000.0ms), Timeout: 2.0s, Topology Description: <TopologyDescription id: 69e4fd498b4e9aae5f5b38e3, topology_type: Unknown, servers: [<ServerDescription ('localhost', 27017) server_type: Unknown, rtt: None, error=AutoReconnect('localhost:27017: [Errno 61] Connection refused (configured timeouts: socketTimeoutMS: 20000.0ms, connectTimeoutMS: 20000.0ms)')>]>
2026-04-19 18:58:37,989 - ERROR - Failed to save image metadata: localhost:27017: [Errno 61] Connection refused (configured timeouts: socketTimeoutMS: 20000.0ms, connectTimeoutMS: 20000.0ms), Timeout: 2.0s, Topology Description: <TopologyDescription id: 69e4fd498b4e9aae5f5b38e3, topology_type: Unknown, servers: [<ServerDescription ('localhost', 27017) server_type: Unknown, rtt: None, error=AutoReconnect('localhost:27017: [Errno 61] Connection refused (configured timeouts: socketTimeoutMS: 20000.0ms, connectTimeoutMS: 20000.0ms)')>]>
2026-04-19 18:58:40,010 - ERROR - Failed to save image metadata: localhost:27017: [Errno 61] Connection refused (configured timeouts: socketTimeoutMS: 20000.0ms, connectTimeoutMS: 20000.0ms), Timeout: 2.0s, Topology Description: <TopologyDescription id: 69e4fd498b4e9aae5f5b38e3, topology_type: Unknown, servers: [<ServerDescription ('localhost', 27017) server_type: Unknown, rtt: None, error=AutoReconnect('localhost:27017: [Errno 61] Connection refused (configured timeouts: socketTimeoutMS: 20000.0ms, connectTimeoutMS: 20000.0ms)')>]>
2026-04-19 18:58:42,040 - ERROR - Failed to save image metadata: localhost:27017: [Errno 61] Connection refused (configured timeouts: socketTimeoutMS: 20000.0ms, connectTimeoutMS: 20000.0ms), Timeout: 2.0s, Topology Description: <TopologyDescription id: 69e4fd498b4e9aae5f5b38e3, topology_type: Unknown, servers: [<ServerDescription ('localhost', 27017) server_type: Unknown, rtt: None, error=AutoReconnect('localhost:27017: [Errno 61] Connection refused (configured timeouts: socketTimeoutMS: 20000.0ms, connectTimeoutMS: 20000.0ms)')>]>
2026-04-19 18:58:44,058 - ERROR - Failed to save image metadata: localhost:27017: [Errno 61] Connection refused (configured timeouts: socketTimeoutMS: 20000.0ms, connectTimeoutMS: 20000.0ms), Timeout: 2.0s, Topology Description: <TopologyDescription id: 69e4fd498b4e9aae5f5b38e3, topology_type: Unknown, servers: [<ServerDescription ('localhost', 27017) server_type: Unknown, rtt: None, error=AutoReconnect('localhost:27017: [Errno 61] Connection refused (configured timeouts: socketTimeoutMS: 20000.0ms, connectTimeoutMS: 20000.0ms)')>]>
2026-04-19 18:58:46,077 - ERROR - Failed to save image metadata: localhost:27017: [Errno 61] Connection refused (configured timeouts: socketTimeoutMS: 20000.0ms, connectTimeoutMS: 20000.0ms), Timeout: 2.0s, Topology Description: <TopologyDescription id: 69e4fd498b4e9aae5f5b38e3, topology_type: Unknown, servers: [<ServerDescription ('localhost', 27017) server_type: Unknown, rtt: None, error=AutoReconnect('localhost:27017: [Errno 61] Connection refused (configured timeouts: socketTimeoutMS: 20000.0ms, connectTimeoutMS: 20000.0ms)')>]>
2026-04-19 18:58:48,099 - ERROR - Failed to save image metadata: localhost:27017: [Errno 61] Connection refused (configured timeouts: socketTimeoutMS: 20000.0ms, connectTimeoutMS: 20000.0ms), Timeout: 2.0s, Topology Description: <TopologyDescription id: 69e4fd498b4e9aae5f5b38e3, topology_type: Unknown, servers: [<ServerDescription ('localhost', 27017) server_type: Unknown, rtt: None, error=AutoReconnect('localhost:27017: [Errno 61] Connection refused (configured timeouts: socketTimeoutMS: 20000.0ms, connectTimeoutMS: 20000.0ms)')>]>
2026-04-19 18:58:50,118 - ERROR - Failed to save image metadata: localhost:27017: [Errno 61] Connection refused (configured timeouts: socketTimeoutMS: 20000.0ms, connectTimeoutMS: 20000.0ms), Timeout: 2.0s, Topology Description: <TopologyDescription id: 69e4fd498b4e9aae5f5b38e3, topology_type: Unknown, servers: [<ServerDescription ('localhost', 27017) server_type: Unknown, rtt: None, error=AutoReconnect('localhost:27017: [Errno 61] Connection refused (configured timeouts: socketTimeoutMS: 20000.0ms, connectTimeoutMS: 20000.0ms)')>]>
2026-04-19 18:58:52,143 - ERROR - Failed to save image metadata: localhost:27017: [Errno 61] Connection refused (configured timeouts: socketTimeoutMS: 20000.0ms, connectTimeoutMS: 20000.0ms), Timeout: 2.0s, Topology Description: <TopologyDescription id: 69e4fd498b4e9aae5f5b38e3, topology_type: Unknown, servers: [<ServerDescription ('localhost', 27017) server_type: Unknown, rtt: None, error=AutoReconnect('localhost:27017: [Errno 61] Connection refused (configured timeouts: socketTimeoutMS: 20000.0ms, connectTimeoutMS: 20000.0ms)')>]>
2026-04-19 18:58:54,169 - ERROR - Failed to save image metadata: localhost:27017: [Errno 61] Connection refused (configured timeouts: socketTimeoutMS: 20000.0ms, connectTimeoutMS: 20000.0ms), Timeout: 2.0s, Topology Description: <TopologyDescription id: 69e4fd498b4e9aae5f5b38e3, topology_type: Unknown, servers: [<ServerDescription ('localhost', 27017) server_type: Unknown, rtt: None, error=AutoReconnect('localhost:27017: [Errno 61] Connection refused (configured timeouts: socketTimeoutMS: 20000.0ms, connectTimeoutMS: 20000.0ms)')>]>
2026-04-19 18:58:56,190 - ERROR - Failed to save image metadata: localhost:27017: [Errno 61] Connection refused (configured timeouts: socketTimeoutMS: 20000.0ms, connectTimeoutMS: 20000.0ms), Timeout: 2.0s, Topology Description: <TopologyDescription id: 69e4fd498b4e9aae5f5b38e3, topology_type: Unknown, servers: [<ServerDescription ('localhost', 27017) server_type: Unknown, rtt: None, error=AutoReconnect('localhost:27017: [Errno 61] Connection refused (configured timeouts: socketTimeoutMS: 20000.0ms, connectTimeoutMS: 20000.0ms)')>]>
2026-04-19 18:58:58,211 - ERROR - Failed to save image metadata: localhost:27017: [Errno 61] Connection refused (configured timeouts: socketTimeoutMS: 20000.0ms, connectTimeoutMS: 20000.0ms), Timeout: 2.0s, Topology Description: <TopologyDescription id: 69e4fd498b4e9aae5f5b38e3, topology_type: Unknown, servers: [<ServerDescription ('localhost', 27017) server_type: Unknown, rtt: None, error=AutoReconnect('localhost:27017: [Errno 61] Connection refused (configured timeouts: socketTimeoutMS: 20000.0ms, connectTimeoutMS: 20000.0ms)')>]>
2026-04-19 18:59:00,224 - ERROR - Failed to save image metadata: localhost:27017: [Errno 61] Connection refused (configured timeouts: socketTimeoutMS: 20000.0ms, connectTimeoutMS: 20000.0ms), Timeout: 2.0s, Topology Description: <TopologyDescription id: 69e4fd498b4e9aae5f5b38e3, topology_type: Unknown, servers: [<ServerDescription ('localhost', 27017) server_type: Unknown, rtt: None, error=AutoReconnect('localhost:27017: [Errno 61] Connection refused (configured timeouts: socketTimeoutMS: 20000.0ms, connectTimeoutMS: 20000.0ms)')>]>
2026-04-19 18:59:02,242 - ERROR - Failed to save image metadata: localhost:27017: [Errno 61] Connection refused (configured timeouts: socketTimeoutMS: 20000.0ms, connectTimeoutMS: 20000.0ms), Timeout: 2.0s, Topology Description: <TopologyDescription id: 69e4fd498b4e9aae5f5b38e3, topology_type: Unknown, servers: [<ServerDescription ('localhost', 27017) server_type: Unknown, rtt: None, error=AutoReconnect('localhost:27017: [Errno 61] Connection refused (configured timeouts: socketTimeoutMS: 20000.0ms, connectTimeoutMS: 20000.0ms)')>]>
2026-04-19 18:59:04,264 - ERROR - Failed to save image metadata: localhost:27017: [Errno 61] Connection refused (configured timeouts: socketTimeoutMS: 20000.0ms, connectTimeoutMS: 20000.0ms), Timeout: 2.0s, Topology Description: <TopologyDescription id: 69e4fd498b4e9aae5f5b38e3, topology_type: Unknown, servers: [<ServerDescription ('localhost', 27017) server_type: Unknown, rtt: None, error=AutoReconnect('localhost:27017: [Errno 61] Connection refused (configured timeouts: socketTimeoutMS: 20000.0ms, connectTimeoutMS: 20000.0ms)')>]>
2026-04-19 18:59:06,280 - ERROR - Failed to save image metadata: localhost:27017: [Errno 61] Connection refused (configured timeouts: socketTimeoutMS: 20000.0ms, connectTimeoutMS: 20000.0ms), Timeout: 2.0s, Topology Description: <TopologyDescription id: 69e4fd498b4e9aae5f5b38e3, topology_type: Unknown, servers: [<ServerDescription ('localhost', 27017) server_type: Unknown, rtt: None, error=AutoReconnect('localhost:27017: [Errno 61] Connection refused (configured timeouts: socketTimeoutMS: 20000.0ms, connectTimeoutMS: 20000.0ms)')>]>
2026-04-19 18:59:08,299 - ERROR - Failed to save image metadata: localhost:27017: [Errno 61] Connection refused (configured timeouts: socketTimeoutMS: 20000.0ms, connectTimeoutMS: 20000.0ms), Timeout: 2.0s, Topology Description: <TopologyDescription id: 69e4fd498b4e9aae5f5b38e3, topology_type: Unknown, servers: [<ServerDescription ('localhost', 27017) server_type: Unknown, rtt: None, error=AutoReconnect('localhost:27017: [Errno 61] Connection refused (configured timeouts: socketTimeoutMS: 20000.0ms, connectTimeoutMS: 20000.0ms)')>]>
2026-04-19 18:59:10,315 - ERROR - Failed to save image metadata: localhost:27017: [Errno 61] Connection refused (configured timeouts: socketTimeoutMS: 20000.0ms, connectTimeoutMS: 20000.0ms), Timeout: 2.0s, Topology Description: <TopologyDescription id: 69e4fd498b4e9aae5f5b38e3, topology_type: Unknown, servers: [<ServerDescription ('localhost', 27017) server_type: Unknown, rtt: None, error=AutoReconnect('localhost:27017: [Errno 61] Connection refused (configured timeouts: socketTimeoutMS: 20000.0ms, connectTimeoutMS: 20000.0ms)')>]>
2026-04-19 18:59:12,330 - ERROR - Failed to save image metadata: localhost:27017: [Errno 61] Connection refused (configured timeouts: socketTimeoutMS: 20000.0ms, connectTimeoutMS: 20000.0ms), Timeout: 2.0s, Topology Description: <TopologyDescription id: 69e4fd498b4e9aae5f5b38e3, topology_type: Unknown, servers: [<ServerDescription ('localhost', 27017) server_type: Unknown, rtt: None, error=AutoReconnect('localhost:27017: [Errno 61] Connection refused (configured timeouts: socketTimeoutMS: 20000.0ms, connectTimeoutMS: 20000.0ms)')>]>
2026-04-19 18:59:14,354 - ERROR - Failed to save image metadata: localhost:27017: [Errno 61] Connection refused (configured timeouts: socketTimeoutMS: 20000.0ms, connectTimeoutMS: 20000.0ms), Timeout: 2.0s, Topology Description: <TopologyDescription id: 69e4fd498b4e9aae5f5b38e3, topology_type: Unknown, servers: [<ServerDescription ('localhost', 27017) server_type: Unknown, rtt: None, error=AutoReconnect('localhost:27017: [Errno 61] Connection refused (configured timeouts: socketTimeoutMS: 20000.0ms, connectTimeoutMS: 20000.0ms)')>]>
2026-04-19 18:59:16,370 - ERROR - Failed to save image metadata: localhost:27017: [Errno 61] Connection refused (configured timeouts: socketTimeoutMS: 20000.0ms, connectTimeoutMS: 20000.0ms), Timeout: 2.0s, Topology Description: <TopologyDescription id: 69e4fd498b4e9aae5f5b38e3, topology_type: Unknown, servers: [<ServerDescription ('localhost', 27017) server_type: Unknown, rtt: None, error=AutoReconnect('localhost:27017: [Errno 61] Connection refused (configured timeouts: socketTimeoutMS: 20000.0ms, connectTimeoutMS: 20000.0ms)')>]>
2026-04-19 18:59:18,393 - ERROR - Failed to save image metadata: localhost:27017: [Errno 61] Connection refused (configured timeouts: socketTimeoutMS: 20000.0ms, connectTimeoutMS: 20000.0ms), Timeout: 2.0s, Topology Description: <TopologyDescription id: 69e4fd498b4e9aae5f5b38e3, topology_type: Unknown, servers: [<ServerDescription ('localhost', 27017) server_type: Unknown, rtt: None, error=AutoReconnect('localhost:27017: [Errno 61] Connection refused (configured timeouts: socketTimeoutMS: 20000.0ms, connectTimeoutMS: 20000.0ms)')>]>
2026-04-19 18:59:20,414 - ERROR - Failed to save image metadata: localhost:27017: [Errno 61] Connection refused (configured timeouts: socketTimeoutMS: 20000.0ms, connectTimeoutMS: 20000.0ms), Timeout: 2.0s, Topology Description: <TopologyDescription id: 69e4fd498b4e9aae5f5b38e3, topology_type: Unknown, servers: [<ServerDescription ('localhost', 27017) server_type: Unknown, rtt: None, error=AutoReconnect('localhost:27017: [Errno 61] Connection refused (configured timeouts: socketTimeoutMS: 20000.0ms, connectTimeoutMS: 20000.0ms)')>]>
2026-04-19 18:59:22,488 - ERROR - Failed to save image metadata: localhost:27017: [Errno 61] Connection refused (configured timeouts: socketTimeoutMS: 20000.0ms, connectTimeoutMS: 20000.0ms), Timeout: 2.0s, Topology Description: <TopologyDescription id: 69e4fd498b4e9aae5f5b38e3, topology_type: Unknown, servers: [<ServerDescription ('localhost', 27017) server_type: Unknown, rtt: None, error=AutoReconnect('localhost:27017: [Errno 61] Connection refused (configured timeouts: socketTimeoutMS: 20000.0ms, connectTimeoutMS: 20000.0ms)')>]>
2026-04-19 18:59:24,507 - ERROR - Failed to save image metadata: localhost:27017: [Errno 61] Connection refused (configured timeouts: socketTimeoutMS: 20000.0ms, connectTimeoutMS: 20000.0ms), Timeout: 2.0s, Topology Description: <TopologyDescription id: 69e4fd498b4e9aae5f5b38e3, topology_type: Unknown, servers: [<ServerDescription ('localhost', 27017) server_type: Unknown, rtt: None, error=AutoReconnect('localhost:27017: [Errno 61] Connection refused (configured timeouts: socketTimeoutMS: 20000.0ms, connectTimeoutMS: 20000.0ms)')>]>
2026-04-19 18:59:26,529 - ERROR - Failed to save image metadata: localhost:27017: [Errno 61] Connection refused (configured timeouts: socketTimeoutMS: 20000.0ms, connectTimeoutMS: 20000.0ms), Timeout: 2.0s, Topology Description: <TopologyDescription id: 69e4fd498b4e9aae5f5b38e3, topology_type: Unknown, servers: [<ServerDescription ('localhost', 27017) server_type: Unknown, rtt: None, error=AutoReconnect('localhost:27017: [Errno 61] Connection refused (configured timeouts: socketTimeoutMS: 20000.0ms, connectTimeoutMS: 20000.0ms)')>]>
2026-04-19 18:59:28,551 - ERROR - Failed to save image metadata: localhost:27017: [Errno 61] Connection refused (configured timeouts: socketTimeoutMS: 20000.0ms, connectTimeoutMS: 20000.0ms), Timeout: 2.0s, Topology Description: <TopologyDescription id: 69e4fd498b4e9aae5f5b38e3, topology_type: Unknown, servers: [<ServerDescription ('localhost', 27017) server_type: Unknown, rtt: None, error=AutoReconnect('localhost:27017: [Errno 61] Connection refused (configured timeouts: socketTimeoutMS: 20000.0ms, connectTimeoutMS: 20000.0ms)')>]>
2026-04-19 18:59:28,551 - INFO - Saved 53 image metadata records
2026-04-19 18:59:28,553 - INFO - Media pipeline stage started
2026-04-19 18:59:28,956 - INFO - Audio inspection: api_preview.m4a (M4A) 29.98s
2026-04-19 18:59:29,023 - INFO - Audio inspection: sample_from_api_preview.flac (FLAC) 29.98s
2026-04-19 18:59:29,108 - INFO - Audio inspection: sample_from_api_preview.mp3 (MP3) 29.98s
2026-04-19 18:59:29,111 - INFO - Audio inspection: sample_from_api_preview.wav (WAV) 29.98s
2026-04-19 18:59:29,199 - INFO - Exported audio: /Users/tarikhamzic/Desktop/coding projects/Unstructured_data_Music_Analysis_project/data/processed/audio/trimmed_sample.wav
2026-04-19 18:59:29,364 - INFO - Exported audio: /Users/tarikhamzic/Desktop/coding projects/Unstructured_data_Music_Analysis_project/data/processed/audio/concatenated_sample.wav
2026-04-19 18:59:29,486 - INFO - Exported audio: /Users/tarikhamzic/Desktop/coding projects/Unstructured_data_Music_Analysis_project/data/processed/audio/louder_sample.mp3
2026-04-19 18:59:29,601 - INFO - Exported audio: /Users/tarikhamzic/Desktop/coding projects/Unstructured_data_Music_Analysis_project/data/processed/audio/quieter_sample.mp3
2026-04-19 18:59:29,675 - INFO - Exported audio: /Users/tarikhamzic/Desktop/coding projects/Unstructured_data_Music_Analysis_project/data/processed/audio/faded_sample.flac
2026-04-19 18:59:29,789 - INFO - Exported audio: /Users/tarikhamzic/Desktop/coding projects/Unstructured_data_Music_Analysis_project/data/processed/audio/trimmed_converted.mp3
2026-04-19 18:59:29,789 - INFO - Audio processing outputs generated: 6 files
2026-04-19 18:59:31,347 - INFO - HTTP Request: GET https://huggingface.co/api/models/Systran/faster-whisper-base/revision/main "HTTP/1.1 200 OK"
2026-04-19 18:59:31,602 - INFO - Loaded faster-whisper model: base (cpu/int8)
2026-04-19 18:59:31,725 - INFO - Processing audio with duration 00:59.951
2026-04-19 18:59:31,975 - INFO - VAD filter removed 00:59.951 of audio
2026-04-19 18:59:32,315 - INFO - Detected language 'en' with probability 0.57
2026-04-19 18:59:32,321 - INFO - Transcribed audio: /Users/tarikhamzic/Desktop/coding projects/Unstructured_data_Music_Analysis_project/data/processed/audio/concatenated_sample.wav (0 segments)
2026-04-19 18:59:32,322 - INFO - Saved transcript outputs for short_concatenated_sample
2026-04-19 18:59:32,325 - INFO - Chunk cache hit: chunk_0000.json
2026-04-19 18:59:32,325 - INFO - Chunked transcription progress: 1/1
2026-04-19 18:59:32,326 - INFO - Chunked transcription completed: /Users/tarikhamzic/Desktop/coding projects/Unstructured_data_Music_Analysis_project/data/processed/audio/concatenated_sample.wav (0 segments)
2026-04-19 18:59:32,939 - INFO - Video inspection: Timeline 1 obj.mov duration=25.32 fps=29.97002997002997 res=1920x1080
2026-04-19 18:59:32,956 - ERROR - Failed to inspect video /Users/tarikhamzic/Desktop/coding projects/Unstructured_data_Music_Analysis_project/data/raw/video/sample_video.mp4: Error passing `ffmpeg -i` command output:

Input #0, mov,mp4,m4a,3gp,3g2,mj2, from '/Users/tarikhamzic/Desktop/coding projects/Unstructured_data_Music_Analysis_project/data/raw/video/sample_video.mp4':
  Metadata:
    major_brand     : mp42
    minor_version   : 0
    compatible_brands: mp42isomavc1
    creation_time   : 2012-03-13T08:58:06.000000Z
    encoder         : HandBrake 0.9.6 2012022800
  Duration: 00:00:10.03, start: 0.000000, bitrate: 629 kb/s
  Chapters:
    Chapter #0:0: start 0.000000, end 10.000000
      Metadata:
        title           : Chapter 1
  Stream #0:0[0x1](und): Video: h264 (Main) (avc1 / 0x31637661), yuv420p(tv, smpte170m/smpte170m/bt709, progressive), 320x176, 300 kb/s, 25 fps, 25 tbr, 90k tbn (default)
      Metadata:
        creation_time   : 2012-03-13T08:58:06.000000Z
        vendor_id       : [0][0][0][0]
        encoder         : JVT/AVC Coding
  Stream #0:1[0x2](und): Audio: aac (LC) (mp4a / 0x6134706D), 48000 Hz, stereo, fltp, 160 kb/s (default)
      Metadata:
        creation_time   : 2012-03-13T08:58:06.000000Z
        vendor_id       : [0][0][0][0]
  Stream #0:2[0x3](und): Audio: aac (LC) (mp4a / 0x6134706D), 48000 Hz, stereo, fltp, 160 kb/s
      Metadata:
        creation_time   : 2012-03-13T08:58:06.000000Z
        vendor_id       : [0][0][0][0]
  Stream #0:3[0x4](und): Data: bin_data (text / 0x74786574), 0 kb/s
      Metadata:
        creation_time   : 2012-03-13T08:58:06.000000Z
At least one output file must be specified

2026-04-19 18:59:33,369 - INFO - Extracted audio from video: /Users/tarikhamzic/Desktop/coding projects/Unstructured_data_Music_Analysis_project/data/raw/video/Timeline 1 obj.mov -> /Users/tarikhamzic/Desktop/coding projects/Unstructured_data_Music_Analysis_project/data/processed/audio/Timeline 1 obj_audio.mp3
2026-04-19 18:59:35,272 - INFO - Extracted 6 keyframes from /Users/tarikhamzic/Desktop/coding projects/Unstructured_data_Music_Analysis_project/data/raw/video/Timeline 1 obj.mov
2026-04-19 18:59:35,437 - INFO - Processing audio with duration 00:25.320
2026-04-19 18:59:35,498 - INFO - VAD filter removed 00:00.000 of audio
2026-04-19 18:59:35,791 - INFO - Detected language 'en' with probability 1.00
2026-04-19 18:59:37,549 - INFO - Transcribed audio: /Users/tarikhamzic/Desktop/coding projects/Unstructured_data_Music_Analysis_project/data/processed/audio/Timeline 1 obj_audio.mp3 (4 segments)
2026-04-19 18:59:37,550 - INFO - Saved transcript outputs for video_audio_Timeline 1 obj
2026-04-19 18:59:37,572 - ERROR - Failed extracting audio from video /Users/tarikhamzic/Desktop/coding projects/Unstructured_data_Music_Analysis_project/data/raw/video/sample_video.mp4: Error passing `ffmpeg -i` command output:

Input #0, mov,mp4,m4a,3gp,3g2,mj2, from '/Users/tarikhamzic/Desktop/coding projects/Unstructured_data_Music_Analysis_project/data/raw/video/sample_video.mp4':
  Metadata:
    major_brand     : mp42
    minor_version   : 0
    compatible_brands: mp42isomavc1
    creation_time   : 2012-03-13T08:58:06.000000Z
    encoder         : HandBrake 0.9.6 2012022800
  Duration: 00:00:10.03, start: 0.000000, bitrate: 629 kb/s
  Chapters:
    Chapter #0:0: start 0.000000, end 10.000000
      Metadata:
        title           : Chapter 1
  Stream #0:0[0x1](und): Video: h264 (Main) (avc1 / 0x31637661), yuv420p(tv, smpte170m/smpte170m/bt709, progressive), 320x176, 300 kb/s, 25 fps, 25 tbr, 90k tbn (default)
      Metadata:
        creation_time   : 2012-03-13T08:58:06.000000Z
        vendor_id       : [0][0][0][0]
        encoder         : JVT/AVC Coding
  Stream #0:1[0x2](und): Audio: aac (LC) (mp4a / 0x6134706D), 48000 Hz, stereo, fltp, 160 kb/s (default)
      Metadata:
        creation_time   : 2012-03-13T08:58:06.000000Z
        vendor_id       : [0][0][0][0]
  Stream #0:2[0x3](und): Audio: aac (LC) (mp4a / 0x6134706D), 48000 Hz, stereo, fltp, 160 kb/s
      Metadata:
        creation_time   : 2012-03-13T08:58:06.000000Z
        vendor_id       : [0][0][0][0]
  Stream #0:3[0x4](und): Data: bin_data (text / 0x74786574), 0 kb/s
      Metadata:
        creation_time   : 2012-03-13T08:58:06.000000Z
At least one output file must be specified

2026-04-19 18:59:37,587 - ERROR - Failed keyframe extraction for /Users/tarikhamzic/Desktop/coding projects/Unstructured_data_Music_Analysis_project/data/raw/video/sample_video.mp4: Error passing `ffmpeg -i` command output:

Input #0, mov,mp4,m4a,3gp,3g2,mj2, from '/Users/tarikhamzic/Desktop/coding projects/Unstructured_data_Music_Analysis_project/data/raw/video/sample_video.mp4':
  Metadata:
    major_brand     : mp42
    minor_version   : 0
    compatible_brands: mp42isomavc1
    creation_time   : 2012-03-13T08:58:06.000000Z
    encoder         : HandBrake 0.9.6 2012022800
  Duration: 00:00:10.03, start: 0.000000, bitrate: 629 kb/s
  Chapters:
    Chapter #0:0: start 0.000000, end 10.000000
      Metadata:
        title           : Chapter 1
  Stream #0:0[0x1](und): Video: h264 (Main) (avc1 / 0x31637661), yuv420p(tv, smpte170m/smpte170m/bt709, progressive), 320x176, 300 kb/s, 25 fps, 25 tbr, 90k tbn (default)
      Metadata:
        creation_time   : 2012-03-13T08:58:06.000000Z
        vendor_id       : [0][0][0][0]
        encoder         : JVT/AVC Coding
  Stream #0:1[0x2](und): Audio: aac (LC) (mp4a / 0x6134706D), 48000 Hz, stereo, fltp, 160 kb/s (default)
      Metadata:
        creation_time   : 2012-03-13T08:58:06.000000Z
        vendor_id       : [0][0][0][0]
  Stream #0:2[0x3](und): Audio: aac (LC) (mp4a / 0x6134706D), 48000 Hz, stereo, fltp, 160 kb/s
      Metadata:
        creation_time   : 2012-03-13T08:58:06.000000Z
        vendor_id       : [0][0][0][0]
  Stream #0:3[0x4](und): Data: bin_data (text / 0x74786574), 0 kb/s
      Metadata:
        creation_time   : 2012-03-13T08:58:06.000000Z
At least one output file must be specified

2026-04-19 18:59:37,588 - INFO - Media pipeline stage finished
2026-04-19 18:59:37,588 - INFO - Media stage summary: audio_inspection=4, video_inspection=1, transcripts=3, frames=6
2026-04-19 18:59:39,662 - ERROR - Failed to save transcript: localhost:27017: [Errno 61] Connection refused (configured timeouts: socketTimeoutMS: 20000.0ms, connectTimeoutMS: 20000.0ms), Timeout: 2.0s, Topology Description: <TopologyDescription id: 69e4fd498b4e9aae5f5b38e3, topology_type: Unknown, servers: [<ServerDescription ('localhost', 27017) server_type: Unknown, rtt: None, error=AutoReconnect('localhost:27017: [Errno 61] Connection refused (configured timeouts: socketTimeoutMS: 20000.0ms, connectTimeoutMS: 20000.0ms)')>]>
2026-04-19 18:59:41,685 - ERROR - Failed to save transcript: localhost:27017: [Errno 61] Connection refused (configured timeouts: socketTimeoutMS: 20000.0ms, connectTimeoutMS: 20000.0ms), Timeout: 2.0s, Topology Description: <TopologyDescription id: 69e4fd498b4e9aae5f5b38e3, topology_type: Unknown, servers: [<ServerDescription ('localhost', 27017) server_type: Unknown, rtt: None, error=AutoReconnect('localhost:27017: [Errno 61] Connection refused (configured timeouts: socketTimeoutMS: 20000.0ms, connectTimeoutMS: 20000.0ms)')>]>
2026-04-19 18:59:41,685 - INFO - Pipeline finished
2026-04-19 19:02:56,375 - INFO - Saved transcript: concatenated_sample.wav segments=0
2026-04-19 19:02:56,377 - INFO - Saved transcript: Timeline 1 obj_audio.mp3 segments=4
2026-04-19 19:02:56,378 - INFO - Saved transcript: Timeline 1 obj_audio.mp3 segments=4
2026-04-19 19:02:56,379 - INFO - Saved transcript: concatenated_sample.wav segments=0
2026-04-19 19:02:56,380 - INFO - Saved transcript: Timeline 1 obj_audio.mp3 segments=4
